id,transfer_count,route
TS0001,0,"Forest,Delta"
TS0002,0,"Forest,Delta"
TS0003,0,"Forest,Delta"
TS0004,0,"Forest,Delta"
TS0005,0,"Forest,Delta"
TS0006,0,"Forest,Delta"
TS0007,0,"Forest,Delta"
TS0008,0,"Forest,Delta"
TS0009,0,"Forest,Delta"
TS0010,0,"Forest,Delta"
TS0011,0,"Forest,Delta"
TS0012,0,"Forest,Delta"
TS0013,0,"Forest,Delta"
TS0014,0,"Forest,Delta"
TS0015,0,"Forest,Delta"
TS0016,0,"Forest,Delta"
TS0017,0,"Forest,Delta"
TS0018,0,"Forest,Delta"
TS0019,0,"Forest,Delta"
TS0020,0,"Forest,Delta"
TS0021,0,"Forest,Delta"
TS0022,0,"Forest,Delta"
TS0023,0,"Forest,Delta"
TS0024,0,"Forest,Delta"
TS0025,0,"Forest,Delta"
TS0026,0,"Forest,Delta"
TS0027,0,"Forest,Delta"
TS0028,0,"Forest,Delta"
TS0029,0,"Forest,Delta"
TS0030,0,"Forest,Delta"
TS0031,0,"Forest,Delta"
TS0032,0,"Forest,Delta"
TS0033,0,"Forest,Delta"
TS0034,0,"Forest,Delta"
TS0035,0,"Forest,Delta"
TS0036,0,"Forest,Delta"
TS0037,0,"Forest,Delta"
TS0038,0,"Forest,Delta"
TS0039,0,"Forest,Delta"
TS0040,0,"Forest,Delta"
TS0041,0,"Forest,Delta"
TS0042,0,"Forest,Delta"
TS0043,0,"Forest,Delta"
TS0044,0,"Forest,Delta"
TS0045,0,"Forest,Delta"
TS0046,0,"Forest,Delta"
TS0047,0,"Forest,Delta"
TS0048,0,"Forest,Delta"
TS0049,0,"Forest,Delta"
TS0050,0,"Forest,Delta"
TS0051,0,"Forest,Delta"
TS0052,0,"Forest,Delta"
TS0053,0,"Forest,Delta"
TS0054,0,"Forest,Delta"
TS0055,0,"Forest,Delta"
TS0056,0,"Forest,Delta"
TS0057,0,"Forest,Delta"
TS0058,0,"Forest,Delta"
TS0059,0,"Forest,Delta"
TS0060,0,"Forest,Delta"
TS0061,0,"Forest,Delta"
TS0062,0,"Forest,Delta"
TS0063,0,"Forest,Delta"
TS0064,0,"Forest,Delta"
TS0065,0,"Forest,Delta"
TS0066,0,"Forest,Delta"
TS0067,0,"Forest,Delta"
TS0068,0,"Forest,Delta"
TS0069,0,"Forest,Delta"
TS0070,0,"Forest,Delta"
TS0071,0,"Forest,Delta"
TS0072,0,"Forest,Delta"
TS0073,0,"Forest,Delta"
TS0074,0,"Forest,Delta"
TS0075,0,"Forest,Delta"
TS0076,0,"Forest,Delta"
TS0077,0,"Forest,Delta"
TS0078,0,"Forest,Delta"
TS0079,0,"Forest,Delta"
TS0080,0,"Forest,Delta"
TS0081,0,"Forest,Delta"
TS0082,0,"Forest,Delta"
TS0083,0,"Forest,Delta"
TS0084,0,"Forest,Delta"
TS0085,0,"Forest,Delta"
TS0086,0,"Forest,Delta"
TS0087,0,"Forest,Delta"
TS0088,0,"Forest,Delta"
TS0089,0,"Forest,Delta"
TS0090,0,"Forest,Delta"
TS0091,0,"Forest,Delta"
TS0092,0,"Forest,Delta"
TS0093,0,"Forest,Delta"
TS0094,0,"Forest,Delta"
TS0095,0,"Forest,Delta"
TS0096,0,"Forest,Delta"
TS0097,0,"Forest,Delta"
TS0098,0,"Forest,Delta"
TS0099,0,"Forest,Delta"
TS0100,0,"Forest,Delta"
TS0101,0,"Forest,Delta"
TS0102,0,"Forest,Delta"
TS0103,0,"Forest,Delta"
TS0104,0,"Forest,Delta"
TS0105,0,"Forest,Delta"
TS0106,0,"Forest,Delta"
TS0107,0,"Forest,Delta"
TS0108,0,"Forest,Delta"
TS0109,0,"Forest,Delta"
TS0110,0,"Forest,Delta"
TS0111,0,"Forest,Delta"
TS0112,0,"Forest,Delta"
TS0113,0,"Forest,Delta"
TS0114,0,"Forest,Delta"
TS0115,0,"Forest,Delta"
TS0116,0,"Forest,Delta"
TS0117,0,"Forest,Delta"
TS0118,0,"Forest,Delta"
TS0119,0,"Forest,Delta"
TS0120,0,"Forest,Delta"
TS0121,0,"Forest,Delta"
TS0122,0,"Forest,Delta"
TS0123,0,"Forest,Delta"
TS0124,0,"Forest,Delta"
TS0125,0,"Forest,Delta"
TS0126,0,"Forest,Delta"
TS0127,0,"Forest,Delta"
TS0128,0,"Forest,Delta"
TS0129,0,"Forest,Delta"
TS0130,0,"Forest,Delta"
TS0131,0,"Forest,Delta"
TS0132,0,"Forest,Delta"
TS0133,0,"Forest,Delta"
TS0134,0,"Forest,Delta"
TS0135,0,"Forest,Delta"
TS0136,0,"Forest,Delta"
TS0137,0,"Forest,Delta"
TS0138,0,"Forest,Delta"
TS0139,0,"Forest,Delta"
TS0140,0,"Forest,Delta"
TS0141,0,"Forest,Delta"
TS0142,0,"Forest,Delta"
TS0143,0,"Forest,Delta"
TS0144,0,"Forest,Delta"
TS0145,0,"Forest,Delta"
TS0146,0,"Forest,Delta"
TS0147,0,"Forest,Delta"
TS0148,0,"Forest,Delta"
TS0149,0,"Forest,Delta"
TS0150,0,"Forest,Delta"
TS0151,0,"Forest,Delta"
TS0152,0,"Forest,Delta"
TS0153,0,"Forest,Delta"
TS0154,0,"Forest,Delta"
TS0155,0,"Forest,Delta"
TS0156,0,"Forest,Delta"
TS0157,0,"Forest,Delta"
TS0158,0,"Forest,Delta"
TS0159,0,"Forest,Delta"
TS0160,0,"Forest,Delta"
TS0161,0,"Forest,Delta"
TS0162,0,"Forest,Delta"
TS0163,0,"Forest,Delta"
TS0164,0,"Forest,Delta"
TS0165,0,"Forest,Delta"
TS0166,0,"Forest,Delta"
TS0167,0,"Forest,Delta"
TS0168,0,"Forest,Delta"
TS0169,0,"Forest,Delta"
TS0170,0,"Forest,Delta"
TS0171,0,"Forest,Delta"
TS0172,0,"Forest,Delta"
TS0173,0,"Forest,Delta"
TS0174,0,"Forest,Delta"
TS0175,0,"Forest,Delta"
TS0176,0,"Forest,Delta"
TS0177,0,"Forest,Delta"
TS0178,0,"Forest,Delta"
TS0179,0,"Forest,Delta"
TS0180,0,"Forest,Delta"
TS0181,0,"Forest,Delta"
TS0182,0,"Forest,Delta"
TS0183,0,"Forest,Delta"
TS0184,0,"Forest,Delta"
TS0185,0,"Forest,Delta"
TS0186,0,"Forest,Delta"
TS0187,0,"Forest,Delta"
TS0188,0,"Forest,Delta"
TS0189,0,"Forest,Delta"
TS0190,0,"Forest,Delta"
TS0191,0,"Forest,Delta"
TS0192,0,"Forest,Delta"
TS0193,0,"Forest,Delta"
TS0194,0,"Forest,Delta"
TS0195,0,"Forest,Delta"
TS0196,0,"Forest,Delta"
TS0197,0,"Forest,Delta"
TS0198,0,"Forest,Delta"
TS0199,0,"Forest,Delta"
TS0200,0,"Forest,Delta"
TS0201,0,"Forest,Delta"
TS0202,0,"Forest,Delta"
TS0203,0,"Forest,Delta"
TS0204,0,"Forest,Delta"
TS0205,0,"Forest,Delta"
TS0206,0,"Forest,Delta"
TS0207,0,"Forest,Delta"
TS0208,0,"Forest,Delta"
TS0209,0,"Forest,Delta"
TS0210,0,"Forest,Delta"
TS0211,0,"Forest,Delta"
TS0212,0,"Forest,Delta"
TS0213,0,"Forest,Delta"
TS0214,0,"Forest,Delta"
TS0215,0,"Forest,Delta"
TS0216,0,"Forest,Delta"
TS0217,0,"Forest,Delta"
TS0218,0,"Forest,Delta"
TS0219,0,"Forest,Delta"
TS0220,0,"Forest,Delta"
TS0221,0,"Forest,Delta"
TS0222,0,"Forest,Delta"
TS0223,0,"Forest,Delta"
TS0224,0,"Forest,Delta"
TS0225,0,"Forest,Delta"
TS0226,0,"Forest,Delta"
TS0227,0,"Forest,Delta"
TS0228,0,"Forest,Delta"
TS0229,0,"Forest,Delta"
TS0230,0,"Forest,Delta"
TS0231,0,"Forest,Delta"
TS0232,0,"Forest,Delta"
TS0233,0,"Forest,Delta"
TS0234,0,"Forest,Delta"
TS0235,0,"Forest,Delta"
TS0236,0,"Forest,Delta"
TS0237,0,"Forest,Delta"
TS0238,0,"Forest,Delta"
TS0239,0,"Forest,Delta"
TS0240,0,"Forest,Delta"
TS0241,0,"Forest,Delta"
TS0242,0,"Forest,Delta"
TS0243,0,"Forest,Delta"
TS0244,0,"Forest,Delta"
TS0245,0,"Forest,Delta"
TS0246,0,"Forest,Delta"
TS0247,0,"Forest,Delta"
TS0248,0,"Forest,Delta"
TS0249,0,"Forest,Delta"
TS0250,0,"Forest,Delta"
TS0251,0,"Forest,Delta"
TS0252,0,"Forest,Delta"
TS0253,0,"Forest,Delta"
TS0254,0,"Forest,Delta"
TS0255,0,"Forest,Delta"
TS0256,0,"Forest,Delta"
TS0257,0,"Forest,Delta"
TS0258,0,"Forest,Delta"
TS0259,0,"Forest,Delta"
TS0260,0,"Forest,Delta"
TS0261,0,"Forest,Delta"
TS0262,0,"Forest,Delta"
TS0263,0,"Forest,Delta"
TS0264,0,"Forest,Delta"
TS0265,0,"Forest,Delta"
TS0266,0,"Forest,Delta"
TS0267,0,"Forest,Delta"
TS0268,0,"Forest,Delta"
TS0269,0,"Forest,Delta"
TS0270,0,"Forest,Delta"
TS0271,0,"Forest,Delta"
TS0272,0,"Forest,Delta"
TS0273,0,"Forest,Delta"
TS0274,0,"Forest,Delta"
TS0275,0,"Forest,Delta"
TS0276,0,"Forest,Delta"
TS0277,0,"Forest,Delta"
TS0278,0,"Forest,Delta"
TS0279,0,"Forest,Delta"
TS0280,0,"Forest,Delta"
TS0281,0,"Forest,Delta"
TS0282,0,"Forest,Delta"
TS0283,0,"Forest,Delta"
TS0284,0,"Forest,Delta"
TS0285,0,"Forest,Delta"
TS0286,0,"Forest,Delta"
TS0287,0,"Forest,Delta"
TS0288,0,"Forest,Delta"
TS0289,0,"Forest,Delta"
TS0290,0,"Forest,Delta"
TS0291,0,"Forest,Delta"
TS0292,0,"Forest,Delta"
TS0293,0,"Forest,Delta"
TS0294,0,"Forest,Delta"
TS0295,0,"Forest,Delta"
TS0296,0,"Forest,Delta"
TS0297,0,"Forest,Delta"
TS0298,0,"Forest,Delta"
TS0299,0,"Forest,Delta"
TS0300,0,"Forest,Delta"
TS0301,0,"Forest,Delta"
TS0302,0,"Forest,Delta"
TS0303,0,"Forest,Delta"
TS0304,0,"Forest,Delta"
TS0305,0,"Forest,Delta"
TS0306,0,"Forest,Delta"
TS0307,0,"Forest,Delta"
TS0308,0,"Forest,Delta"
TS0309,0,"Forest,Delta"
TS0310,0,"Forest,Delta"
TS0311,0,"Forest,Delta"
TS0312,0,"Forest,Delta"
TS0313,0,"Forest,Delta"
TS0314,0,"Forest,Delta"
TS0315,0,"Forest,Delta"
TS0316,0,"Forest,Delta"
TS0317,0,"Forest,Delta"
TS0318,0,"Forest,Delta"
TS0319,0,"Forest,Delta"
TS0320,0,"Forest,Delta"
TS0321,0,"Forest,Delta"
TS0322,0,"Forest,Delta"
TS0323,0,"Forest,Delta"
TS0324,0,"Forest,Delta"
TS0325,0,"Forest,Delta"
TS0326,0,"Forest,Delta"
TS0327,0,"Forest,Delta"
TS0328,0,"Forest,Delta"
TS0329,0,"Forest,Delta"
TS0330,0,"Forest,Delta"
TS0331,0,"Forest,Delta"
TS0332,0,"Forest,Delta"
TS0333,0,"Forest,Delta"
TS0334,0,"Forest,Delta"
TS0335,0,"Forest,Delta"
TS0336,0,"Forest,Delta"
TS0337,0,"Forest,Delta"
TS0338,0,"Forest,Delta"
TS0339,0,"Forest,Delta"
TS0340,0,"Forest,Delta"
TS0341,0,"Forest,Delta"
TS0342,0,"Forest,Delta"
TS0343,0,"Forest,Delta"
TS0344,0,"Forest,Delta"
TS0345,0,"Forest,Delta"
TS0346,0,"Forest,Delta"
TS0347,0,"Forest,Delta"
TS0348,0,"Forest,Delta"
TS0349,0,"Forest,Delta"
TS0350,0,"Forest,Delta"
TS0351,0,"Forest,Delta"
TS0352,0,"Forest,Delta"
TS0353,0,"Forest,Delta"
TS0354,0,"Forest,Delta"
TS0355,0,"Forest,Delta"
TS0356,0,"Forest,Delta"
TS0357,0,"Forest,Delta"
TS0358,0,"Forest,Delta"
TS0359,0,"Forest,Delta"
TS0360,0,"Forest,Delta"
TS0361,0,"Forest,Delta"
TS0362,0,"Forest,Delta"
TS0363,0,"Forest,Delta"
TS0364,0,"Forest,Delta"
TS0365,0,"Forest,Delta"
TS0366,0,"Forest,Delta"
TS0367,0,"Forest,Delta"
TS0368,0,"Forest,Delta"
TS0369,0,"Forest,Delta"
TS0370,0,"Forest,Delta"
TS0371,0,"Forest,Delta"
TS0372,0,"Forest,Delta"
TS0373,0,"Forest,Delta"
TS0374,0,"Forest,Delta"
TS0375,0,"Forest,Delta"
TS0376,0,"Forest,Delta"
TS0377,0,"Forest,Delta"
TS0378,0,"Forest,Delta"
TS0379,0,"Forest,Delta"
TS0380,0,"Forest,Delta"
TS0381,0,"Forest,Delta"
TS0382,0,"Forest,Delta"
TS0383,0,"Forest,Delta"
TS0384,0,"Forest,Delta"
TS0385,0,"Forest,Delta"
TS0386,0,"Forest,Delta"
TS0387,0,"Forest,Delta"
TS0388,0,"Forest,Delta"
TS0389,0,"Forest,Delta"
TS0390,0,"Forest,Delta"
TS0391,0,"Forest,Delta"
TS0392,0,"Forest,Delta"
TS0393,0,"Forest,Delta"
TS0394,0,"Forest,Delta"
TS0395,0,"Forest,Delta"
TS0396,0,"Forest,Delta"
TS0397,0,"Forest,Delta"
TS0398,0,"Forest,Delta"
TS0399,0,"Forest,Delta"
TS0400,0,"Forest,Delta"
TS0401,0,"Forest,Delta"
TS0402,0,"Forest,Delta"
TS0403,0,"Forest,Delta"
TS0404,0,"Forest,Delta"
TS0405,0,"Forest,Delta"
TS0406,0,"Forest,Delta"
TS0407,0,"Forest,Delta"
TS0408,0,"Forest,Delta"
TS0409,0,"Forest,Delta"
TS0410,0,"Forest,Delta"
TS0411,0,"Forest,Delta"
TS0412,0,"Forest,Delta"
TS0413,0,"Forest,Delta"
TS0414,0,"Forest,Delta"
TS0415,0,"Forest,Delta"
TS0416,0,"Forest,Delta"
TS0417,0,"Forest,Delta"
TS0418,0,"Forest,Delta"
TS0419,0,"Forest,Delta"
TS0420,0,"Forest,Delta"
TS0421,0,"Forest,Delta"
TS0422,0,"Forest,Delta"
TS0423,0,"Forest,Delta"
TS0424,0,"Forest,Delta"
TS0425,0,"Forest,Delta"
TS0426,0,"Forest,Delta"
TS0427,0,"Forest,Delta"
TS0428,0,"Forest,Delta"
TS0429,0,"Forest,Delta"
TS0430,0,"Forest,Delta"
TS0431,0,"Forest,Delta"
TS0432,0,"Forest,Delta"
TS0433,0,"Forest,Delta"
TS0434,0,"Forest,Delta"
TS0435,0,"Forest,Delta"
TS0436,0,"Forest,Delta"
TS0437,0,"Forest,Delta"
TS0438,0,"Forest,Delta"
TS0439,0,"Forest,Delta"
TS0440,0,"Forest,Delta"
TS0441,0,"Forest,Delta"
TS0442,0,"Forest,Delta"
TS0443,0,"Forest,Delta"
TS0444,0,"Forest,Delta"
TS0445,0,"Forest,Delta"
TS0446,0,"Forest,Delta"
TS0447,0,"Forest,Delta"
TS0448,0,"Forest,Delta"
TS0449,0,"Forest,Delta"
TS0450,0,"Forest,Delta"
TS0451,0,"Forest,Delta"
TS0452,0,"Forest,Delta"
TS0453,0,"Forest,Delta"
TS0454,0,"Forest,Delta"
TS0455,0,"Forest,Delta"
TS0456,0,"Forest,Delta"
TS0457,0,"Forest,Delta"
TS0458,0,"Forest,Delta"
TS0459,0,"Forest,Delta"
TS0460,0,"Forest,Delta"
TS0461,0,"Forest,Delta"
TS0462,0,"Forest,Delta"
TS0463,0,"Forest,Delta"
TS0464,0,"Forest,Delta"
TS0465,0,"Forest,Delta"
TS0466,0,"Forest,Delta"
TS0467,0,"Forest,Delta"
TS0468,0,"Forest,Delta"
TS0469,0,"Forest,Delta"
TS0470,0,"Forest,Delta"
TS0471,0,"Forest,Delta"
TS0472,0,"Forest,Delta"
TS0473,0,"Forest,Delta"
TS0474,0,"Forest,Delta"
TS0475,0,"Forest,Delta"
TS0476,0,"Forest,Delta"
TS0477,0,"Forest,Delta"
TS0478,0,"Forest,Delta"
TS0479,0,"Forest,Delta"
TS0480,0,"Forest,Delta"
TS0481,0,"Forest,Delta"
TS0482,0,"Forest,Delta"
TS0483,0,"Forest,Delta"
TS0484,0,"Forest,Delta"
TS0485,0,"Forest,Delta"
TS0486,0,"Forest,Delta"
TS0487,0,"Forest,Delta"
TS0488,0,"Forest,Delta"
TS0489,0,"Forest,Delta"
TS0490,0,"Forest,Delta"
TS0491,0,"Forest,Delta"
TS0492,0,"Forest,Delta"
TS0493,0,"Forest,Delta"
TS0494,0,"Forest,Delta"
TS0495,0,"Forest,Delta"
TS0496,0,"Forest,Delta"
TS0497,0,"Forest,Delta"
TS0498,0,"Forest,Delta"
TS0499,0,"Forest,Delta"
TS0500,0,"Forest,Delta"
TS0501,0,"Forest,Delta"
TS0502,0,"Forest,Delta"
TS0503,0,"Forest,Delta"
TS0504,0,"Forest,Delta"
TS0505,0,"Forest,Delta"
TS0506,0,"Forest,Delta"
TS0507,0,"Forest,Delta"
TS0508,0,"Forest,Delta"
TS0509,0,"Forest,Delta"
TS0510,0,"Forest,Delta"
TS0511,0,"Forest,Delta"
TS0512,0,"Forest,Delta"
TS0513,0,"Forest,Delta"
TS0514,0,"Forest,Delta"
TS0515,0,"Forest,Delta"
TS0516,0,"Forest,Delta"
TS0517,0,"Forest,Delta"
TS0518,0,"Forest,Delta"
TS0519,0,"Forest,Delta"
TS0520,0,"Forest,Delta"
TS0521,0,"Forest,Delta"
TS0522,0,"Forest,Delta"
TS0523,0,"Forest,Delta"
TS0524,0,"Forest,Delta"
TS0525,0,"Forest,Delta"
TS0526,0,"Forest,Delta"
TS0527,0,"Forest,Delta"
TS0528,0,"Forest,Delta"
TS0529,0,"Forest,Delta"
TS0530,0,"Forest,Delta"
TS0531,0,"Forest,Delta"
TS0532,0,"Forest,Delta"
TS0533,0,"Forest,Delta"
TS0534,0,"Forest,Delta"
TS0535,0,"Forest,Delta"
TS0536,0,"Forest,Delta"
TS0537,0,"Forest,Delta"
TS0538,0,"Forest,Delta"
TS0539,0,"Forest,Delta"
TS0540,0,"Forest,Delta"
TS0541,0,"Forest,Delta"
TS0542,0,"Forest,Delta"
TS0543,0,"Forest,Delta"
TS0544,0,"Forest,Delta"
TS0545,0,"Forest,Delta"
TS0546,0,"Forest,Delta"
TS0547,0,"Forest,Delta"
TS0548,0,"Forest,Delta"
TS0549,0,"Forest,Delta"
TS0550,0,"Forest,Delta"
TS0551,0,"Forest,Delta"
TS0552,0,"Forest,Delta"
TS0553,0,"Forest,Delta"
TS0554,0,"Forest,Delta"
TS0555,0,"Forest,Delta"
TS0556,0,"Forest,Delta"
TS0557,0,"Forest,Delta"
TS0558,0,"Forest,Delta"
TS0559,0,"Forest,Delta"
TS0560,0,"Forest,Delta"
TS0561,0,"Forest,Delta"
TS0562,0,"Forest,Delta"
TS0563,0,"Forest,Delta"
TS0564,0,"Forest,Delta"
TS0565,0,"Forest,Delta"
TS0566,0,"Forest,Delta"
TS0567,0,"Forest,Delta"
TS0568,0,"Forest,Delta"
TS0569,0,"Forest,Delta"
TS0570,0,"Forest,Delta"
TS0571,0,"Forest,Delta"
TS0572,0,"Forest,Delta"
TS0573,0,"Forest,Delta"
TS0574,0,"Forest,Delta"
TS0575,0,"Forest,Delta"
TS0576,0,"Forest,Delta"
TS0577,0,"Forest,Delta"
TS0578,0,"Forest,Delta"
TS0579,0,"Forest,Delta"
TS0580,0,"Forest,Delta"
TS0581,0,"Forest,Delta"
TS0582,0,"Forest,Delta"
TS0583,0,"Forest,Delta"
TS0584,0,"Forest,Delta"
TS0585,0,"Forest,Delta"
TS0586,0,"Forest,Delta"
TS0587,0,"Forest,Delta"
TS0588,0,"Forest,Delta"
TS0589,0,"Forest,Delta"
TS0590,0,"Forest,Delta"
TS0591,0,"Forest,Delta"
TS0592,0,"Forest,Delta"
TS0593,0,"Forest,Delta"
TS0594,0,"Forest,Delta"
TS0595,0,"Forest,Delta"
TS0596,0,"Forest,Delta"
TS0597,0,"Forest,Delta"
TS0598,0,"Forest,Delta"
TS0599,0,"Forest,Delta"
TS0600,0,"Forest,Delta"
TS0601,0,"Forest,Delta"
TS0602,0,"Forest,Delta"
TS0603,0,"Forest,Delta"
TS0604,0,"Forest,Delta"
TS0605,0,"Forest,Delta"
TS0606,0,"Forest,Delta"
TS0607,0,"Forest,Delta"
TS0608,0,"Forest,Delta"
TS0609,0,"Forest,Delta"
TS0610,0,"Forest,Delta"
TS0611,0,"Forest,Delta"
TS0612,0,"Forest,Delta"
TS0613,0,"Forest,Delta"
TS0614,0,"Forest,Delta"
TS0615,0,"Forest,Delta"
TS0616,0,"Forest,Delta"
TS0617,0,"Forest,Delta"
TS0618,0,"Forest,Delta"
TS0619,0,"Forest,Delta"
TS0620,0,"Forest,Delta"
TS0621,0,"Forest,Delta"
TS0622,0,"Forest,Delta"
TS0623,0,"Forest,Delta"
TS0624,0,"Forest,Delta"
TS0625,0,"Forest,Delta"
TS0626,0,"Forest,Delta"
TS0627,0,"Forest,Delta"
TS0628,0,"Forest,Delta"
TS0629,0,"Forest,Delta"
TS0630,0,"Forest,Delta"
TS0631,0,"Forest,Delta"
TS0632,0,"Forest,Delta"
TS0633,0,"Forest,Delta"
TS0634,0,"Forest,Delta"
TS0635,0,"Forest,Delta"
TS0636,0,"Forest,Delta"
TS0637,0,"Forest,Delta"
TS0638,0,"Forest,Delta"
TS0639,0,"Forest,Delta"
TS0640,0,"Forest,Delta"
TS0641,0,"Forest,Delta"
TS0642,0,"Forest,Delta"
TS0643,0,"Forest,Delta"
TS0644,0,"Forest,Delta"
TS0645,0,"Forest,Delta"
TS0646,0,"Forest,Delta"
TS0647,0,"Forest,Delta"
TS0648,0,"Forest,Delta"
TS0649,0,"Forest,Delta"
TS0650,0,"Forest,Delta"
TS0651,0,"Forest,Delta"
TS0652,0,"Forest,Delta"
TS0653,0,"Forest,Delta"
TS0654,0,"Forest,Delta"
TS0655,0,"Forest,Delta"
TS0656,0,"Forest,Delta"
TS0657,0,"Forest,Delta"
TS0658,0,"Forest,Delta"
TS0659,0,"Forest,Delta"
TS0660,0,"Forest,Delta"
TS0661,0,"Forest,Delta"
TS0662,0,"Forest,Delta"
TS0663,0,"Forest,Delta"
TS0664,0,"Forest,Delta"
TS0665,0,"Forest,Delta"
TS0666,0,"Forest,Delta"
TS0667,0,"Forest,Delta"
TS0668,0,"Forest,Delta"
TS0669,0,"Forest,Delta"
TS0670,0,"Forest,Delta"
TS0671,0,"Forest,Delta"
TS0672,0,"Forest,Delta"
TS0673,0,"Forest,Delta"
TS0674,0,"Forest,Delta"
TS0675,0,"Forest,Delta"
TS0676,0,"Forest,Delta"
TS0677,0,"Forest,Delta"
TS0678,0,"Forest,Delta"
TS0679,0,"Forest,Delta"
TS0680,0,"Forest,Delta"
TS0681,0,"Forest,Delta"
TS0682,0,"Forest,Delta"
TS0683,0,"Forest,Delta"
TS0684,0,"Forest,Delta"
TS0685,0,"Forest,Delta"
TS0686,0,"Forest,Delta"
TS0687,0,"Forest,Delta"
TS0688,0,"Forest,Delta"
TS0689,0,"Forest,Delta"
TS0690,0,"Forest,Delta"
TS0691,0,"Forest,Delta"
TS0692,0,"Forest,Delta"
TS0693,0,"Forest,Delta"
TS0694,0,"Forest,Delta"
TS0695,0,"Forest,Delta"
TS0696,0,"Forest,Delta"
TS0697,0,"Forest,Delta"
TS0698,0,"Forest,Delta"
TS0699,0,"Forest,Delta"
TS0700,0,"Forest,Delta"
TS0701,0,"Forest,Delta"
TS0702,0,"Forest,Delta"
TS0703,0,"Forest,Delta"
TS0704,0,"Forest,Delta"
TS0705,0,"Forest,Delta"
TS0706,0,"Forest,Delta"
TS0707,0,"Forest,Delta"
TS0708,0,"Forest,Delta"
TS0709,0,"Forest,Delta"
TS0710,0,"Forest,Delta"
TS0711,0,"Forest,Delta"
TS0712,0,"Forest,Delta"
TS0713,0,"Forest,Delta"
TS0714,0,"Forest,Delta"
TS0715,0,"Forest,Delta"
TS0716,0,"Forest,Delta"
TS0717,0,"Forest,Delta"
TS0718,0,"Forest,Delta"
TS0719,0,"Forest,Delta"
TS0720,0,"Forest,Delta"
TS0721,0,"Forest,Delta"
TS0722,0,"Forest,Delta"
TS0723,0,"Forest,Delta"
TS0724,0,"Forest,Delta"
TS0725,0,"Forest,Delta"
TS0726,0,"Forest,Delta"
TS0727,0,"Forest,Delta"
TS0728,0,"Forest,Delta"
TS0729,0,"Forest,Delta"
TS0730,0,"Forest,Delta"
TS0731,0,"Forest,Delta"
TS0732,0,"Forest,Delta"
TS0733,0,"Forest,Delta"
TS0734,0,"Forest,Delta"
TS0735,0,"Forest,Delta"
TS0736,0,"Forest,Delta"
TS0737,0,"Forest,Delta"
TS0738,0,"Forest,Delta"
TS0739,0,"Forest,Delta"
TS0740,0,"Forest,Delta"
TS0741,0,"Forest,Delta"
TS0742,0,"Forest,Delta"
TS0743,0,"Forest,Delta"
TS0744,0,"Forest,Delta"
TS0745,0,"Forest,Delta"
TS0746,0,"Forest,Delta"
TS0747,0,"Forest,Delta"
TS0748,0,"Forest,Delta"
TS0749,0,"Forest,Delta"
TS0750,0,"Forest,Delta"
TS0751,0,"Forest,Delta"
TS0752,0,"Forest,Delta"
TS0753,0,"Forest,Delta"
TS0754,0,"Forest,Delta"
TS0755,0,"Forest,Delta"
TS0756,0,"Forest,Delta"
TS0757,0,"Forest,Delta"
TS0758,0,"Forest,Delta"
TS0759,0,"Forest,Delta"
TS0760,0,"Forest,Delta"
TS0761,0,"Forest,Delta"
TS0762,0,"Forest,Delta"
TS0763,0,"Forest,Delta"
TS0764,0,"Forest,Delta"
TS0765,0,"Forest,Delta"
TS0766,0,"Forest,Delta"
TS0767,0,"Forest,Delta"
TS0768,0,"Forest,Delta"
TS0769,0,"Forest,Delta"
TS0770,0,"Forest,Delta"
TS0771,0,"Forest,Delta"
TS0772,0,"Forest,Delta"
TS0773,0,"Forest,Delta"
TS0774,0,"Forest,Delta"
TS0775,0,"Forest,Delta"
TS0776,0,"Forest,Delta"
TS0777,0,"Forest,Delta"
TS0778,0,"Forest,Delta"
TS0779,0,"Forest,Delta"
TS0780,0,"Forest,Delta"
TS0781,0,"Forest,Delta"
TS0782,0,"Forest,Delta"
TS0783,0,"Forest,Delta"
TS0784,0,"Forest,Delta"
TS0785,0,"Forest,Delta"
TS0786,0,"Forest,Delta"
TS0787,0,"Forest,Delta"
TS0788,0,"Forest,Delta"
TS0789,0,"Forest,Delta"
TS0790,0,"Forest,Delta"
TS0791,0,"Forest,Delta"
TS0792,0,"Forest,Delta"
TS0793,0,"Forest,Delta"
TS0794,0,"Forest,Delta"
TS0795,0,"Forest,Delta"
TS0796,0,"Forest,Delta"
TS0797,0,"Forest,Delta"
TS0798,0,"Forest,Delta"
TS0799,0,"Forest,Delta"
TS0800,0,"Forest,Delta"
TS0801,0,"Forest,Delta"
TS0802,0,"Forest,Delta"
TS0803,0,"Forest,Delta"
TS0804,0,"Forest,Delta"
TS0805,0,"Forest,Delta"
TS0806,0,"Forest,Delta"
TS0807,0,"Forest,Delta"
TS0808,0,"Forest,Delta"
TS0809,0,"Forest,Delta"
TS0810,0,"Forest,Delta"
TS0811,0,"Forest,Delta"
TS0812,0,"Forest,Delta"
TS0813,0,"Forest,Delta"
TS0814,0,"Forest,Delta"
TS0815,0,"Forest,Delta"
TS0816,0,"Forest,Delta"
TS0817,0,"Forest,Delta"
TS0818,0,"Forest,Delta"
TS0819,0,"Forest,Delta"
TS0820,0,"Forest,Delta"
TS0821,0,"Forest,Delta"
TS0822,0,"Forest,Delta"
TS0823,0,"Forest,Delta"
TS0824,0,"Forest,Delta"
TS0825,0,"Forest,Delta"
TS0826,0,"Forest,Delta"
TS0827,0,"Forest,Delta"
TS0828,0,"Forest,Delta"
TS0829,0,"Forest,Delta"
TS0830,0,"Forest,Delta"
TS0831,0,"Forest,Delta"
TS0832,0,"Forest,Delta"
TS0833,0,"Forest,Delta"
TS0834,0,"Forest,Delta"
TS0835,0,"Forest,Delta"
TS0836,0,"Forest,Delta"
TS0837,0,"Forest,Delta"
TS0838,0,"Forest,Delta"
TS0839,0,"Forest,Delta"
TS0840,0,"Forest,Delta"
TS0841,0,"Forest,Delta"
TS0842,0,"Forest,Delta"
TS0843,0,"Forest,Delta"
TS0844,0,"Forest,Delta"
TS0845,0,"Forest,Delta"
TS0846,0,"Forest,Delta"
TS0847,0,"Forest,Delta"
TS0848,0,"Forest,Delta"
TS0849,0,"Forest,Delta"
TS0850,0,"Forest,Delta"
TS0851,0,"Forest,Delta"
TS0852,0,"Forest,Delta"
TS0853,0,"Forest,Delta"
TS0854,0,"Forest,Delta"
TS0855,0,"Forest,Delta"
TS0856,0,"Forest,Delta"
TS0857,0,"Forest,Delta"
TS0858,0,"Forest,Delta"
TS0859,0,"Forest,Delta"
TS0860,0,"Forest,Delta"
TS0861,0,"Forest,Delta"
TS0862,0,"Forest,Delta"
TS0863,0,"Forest,Delta"
TS0864,0,"Forest,Delta"
TS0865,0,"Forest,Delta"
TS0866,0,"Forest,Delta"
TS0867,0,"Forest,Delta"
TS0868,0,"Forest,Delta"
TS0869,0,"Forest,Delta"
TS0870,0,"Forest,Delta"
TS0871,0,"Forest,Delta"
TS0872,0,"Forest,Delta"
TS0873,0,"Forest,Delta"
TS0874,0,"Forest,Delta"
TS0875,0,"Forest,Delta"
TS0876,0,"Forest,Delta"
TS0877,0,"Forest,Delta"
TS0878,0,"Forest,Delta"
TS0879,0,"Forest,Delta"
TS0880,0,"Forest,Delta"
TS0881,0,"Forest,Delta"
TS0882,0,"Forest,Delta"
TS0883,0,"Forest,Delta"
TS0884,0,"Forest,Delta"
TS0885,0,"Forest,Delta"
TS0886,0,"Forest,Delta"
TS0887,0,"Forest,Delta"
TS0888,0,"Forest,Delta"
TS0889,0,"Forest,Delta"
TS0890,0,"Forest,Delta"
TS0891,0,"Forest,Delta"
TS0892,0,"Forest,Delta"
TS0893,0,"Forest,Delta"
TS0894,0,"Forest,Delta"
TS0895,0,"Forest,Delta"
TS0896,0,"Forest,Delta"
TS0897,0,"Forest,Delta"
TS0898,0,"Forest,Delta"
TS0899,0,"Forest,Delta"
TS0900,0,"Forest,Delta"
TS0901,0,"Forest,Delta"
TS0902,0,"Forest,Delta"
TS0903,0,"Forest,Delta"
TS0904,0,"Forest,Delta"
TS0905,0,"Forest,Delta"
TS0906,0,"Forest,Delta"
TS0907,0,"Forest,Delta"
TS0908,0,"Forest,Delta"
TS0909,0,"Forest,Delta"
TS0910,0,"Forest,Delta"
TS0911,0,"Forest,Delta"
TS0912,0,"Forest,Delta"
TS0913,0,"Forest,Delta"
TS0914,0,"Forest,Delta"
TS0915,0,"Forest,Delta"
TS0916,0,"Forest,Delta"
TS0917,0,"Forest,Delta"
TS0918,0,"Forest,Delta"
TS0919,0,"Forest,Delta"
TS0920,0,"Forest,Delta"
TS0921,0,"Forest,Delta"
TS0922,0,"Forest,Delta"
TS0923,0,"Forest,Delta"
TS0924,0,"Forest,Delta"
TS0925,0,"Forest,Delta"
TS0926,0,"Forest,Delta"
TS0927,0,"Forest,Delta"
TS0928,0,"Forest,Delta"
TS0929,0,"Forest,Delta"
TS0930,0,"Forest,Delta"
TS0931,0,"Forest,Delta"
TS0932,0,"Forest,Delta"
TS0933,0,"Forest,Delta"
TS0934,0,"Forest,Delta"
TS0935,0,"Forest,Delta"
TS0936,0,"Forest,Delta"
TS0937,0,"Forest,Delta"
TS0938,0,"Forest,Delta"
TS0939,0,"Forest,Delta"
TS0940,0,"Forest,Delta"
TS0941,0,"Forest,Delta"
TS0942,0,"Forest,Delta"
TS0943,0,"Forest,Delta"
TS0944,0,"Forest,Delta"
TS0945,0,"Forest,Delta"
TS0946,0,"Forest,Delta"
TS0947,0,"Forest,Delta"
TS0948,0,"Forest,Delta"
TS0949,0,"Forest,Delta"
TS0950,0,"Forest,Delta"
TS0951,0,"Forest,Delta"
TS0952,0,"Forest,Delta"
TS0953,0,"Forest,Delta"
TS0954,0,"Forest,Delta"
TS0955,0,"Forest,Delta"
TS0956,0,"Forest,Delta"
TS0957,0,"Forest,Delta"
TS0958,0,"Forest,Delta"
TS0959,0,"Forest,Delta"
TS0960,0,"Forest,Delta"
TS0961,0,"Forest,Delta"
TS0962,0,"Forest,Delta"
TS0963,0,"Forest,Delta"
TS0964,0,"Forest,Delta"
TS0965,0,"Forest,Delta"
TS0966,0,"Forest,Delta"
TS0967,0,"Forest,Delta"
TS0968,0,"Forest,Delta"
TS0969,0,"Forest,Delta"
TS0970,0,"Forest,Delta"
TS0971,0,"Forest,Delta"
TS0972,0,"Forest,Delta"
TS0973,0,"Forest,Delta"
TS0974,0,"Forest,Delta"
TS0975,0,"Forest,Delta"
TS0976,0,"Forest,Delta"
TS0977,0,"Forest,Delta"
TS0978,0,"Forest,Delta"
TS0979,0,"Forest,Delta"
TS0980,0,"Forest,Delta"
TS0981,0,"Forest,Delta"
TS0982,0,"Forest,Delta"
TS0983,0,"Forest,Delta"
TS0984,0,"Forest,Delta"
TS0985,0,"Forest,Delta"
TS0986,0,"Forest,Delta"
TS0987,0,"Forest,Delta"
TS0988,0,"Forest,Delta"
TS0989,0,"Forest,Delta"
TS0990,0,"Forest,Delta"
TS0991,0,"Forest,Delta"
TS0992,0,"Forest,Delta"
TS0993,0,"Forest,Delta"
TS0994,0,"Forest,Delta"
TS0995,0,"Forest,Delta"
TS0996,0,"Forest,Delta"
TS0997,0,"Forest,Delta"
TS0998,0,"Forest,Delta"
TS0999,0,"Forest,Delta"
TS1000,0,"Forest,Delta"
TS1001,0,"Forest,Delta"
TS1002,0,"Forest,Delta"
TS1003,0,"Forest,Delta"
TS1004,0,"Forest,Delta"
TS1005,0,"Forest,Delta"
TS1006,0,"Forest,Delta"
TS1007,0,"Forest,Delta"
TS1008,0,"Forest,Delta"
TS1009,0,"Forest,Delta"
TS1010,0,"Forest,Delta"
TS1011,0,"Forest,Delta"
TS1012,0,"Forest,Delta"
TS1013,0,"Forest,Delta"
TS1014,0,"Forest,Delta"
TS1015,0,"Forest,Delta"
TS1016,0,"Forest,Delta"
TS1017,0,"Forest,Delta"
TS1018,0,"Forest,Delta"
TS1019,0,"Forest,Delta"
TS1020,0,"Forest,Delta"
TS1021,0,"Forest,Delta"
TS1022,0,"Forest,Delta"
TS1023,0,"Forest,Delta"
TS1024,0,"Forest,Delta"
TS1025,0,"Forest,Delta"
TS1026,0,"Forest,Delta"
TS1027,0,"Forest,Delta"
TS1028,0,"Forest,Delta"
TS1029,0,"Forest,Delta"
TS1030,0,"Forest,Delta"
TS1031,0,"Forest,Delta"
TS1032,0,"Forest,Delta"
TS1033,0,"Forest,Delta"
TS1034,0,"Forest,Delta"
TS1035,0,"Forest,Delta"
TS1036,0,"Forest,Delta"
TS1037,0,"Forest,Delta"
TS1038,0,"Forest,Delta"
TS1039,0,"Forest,Delta"
TS1040,0,"Forest,Delta"
TS1041,0,"Forest,Delta"
TS1042,0,"Forest,Delta"
TS1043,0,"Forest,Delta"
TS1044,0,"Forest,Delta"
TS1045,0,"Forest,Delta"
TS1046,0,"Forest,Delta"
TS1047,0,"Forest,Delta"
TS1048,0,"Forest,Delta"
TS1049,0,"Forest,Delta"
TS1050,0,"Forest,Delta"
TS1051,0,"Forest,Delta"
TS1052,0,"Forest,Delta"
TS1053,0,"Forest,Delta"
TS1054,0,"Forest,Delta"
TS1055,0,"Forest,Delta"
TS1056,0,"Forest,Delta"
TS1057,0,"Forest,Delta"
TS1058,0,"Forest,Delta"
TS1059,0,"Forest,Delta"
TS1060,0,"Forest,Delta"
TS1061,0,"Forest,Delta"
TS1062,0,"Forest,Delta"
TS1063,0,"Forest,Delta"
TS1064,0,"Forest,Delta"
TS1065,0,"Forest,Delta"
TS1066,0,"Forest,Delta"
TS1067,0,"Forest,Delta"
TS1068,0,"Forest,Delta"
TS1069,0,"Forest,Delta"
TS1070,0,"Forest,Delta"
TS1071,0,"Forest,Delta"
TS1072,0,"Forest,Delta"
TS1073,0,"Forest,Delta"
TS1074,0,"Forest,Delta"
TS1075,0,"Forest,Delta"
TS1076,0,"Forest,Delta"
TS1077,0,"Forest,Delta"
TS1078,0,"Forest,Delta"
TS1079,0,"Forest,Delta"
TS1080,0,"Forest,Delta"
TS1081,0,"Forest,Delta"
TS1082,0,"Forest,Delta"
TS1083,0,"Forest,Delta"
TS1084,0,"Forest,Delta"
TS1085,0,"Forest,Delta"
TS1086,0,"Forest,Delta"
TS1087,0,"Forest,Delta"
TS1088,0,"Forest,Delta"
TS1089,0,"Forest,Delta"
TS1090,0,"Forest,Delta"
TS1091,0,"Forest,Delta"
TS1092,0,"Forest,Delta"
TS1093,0,"Forest,Delta"
TS1094,0,"Forest,Delta"
TS1095,0,"Forest,Delta"
TS1096,0,"Forest,Delta"
TS1097,0,"Forest,Delta"
TS1098,0,"Forest,Delta"
TS1099,0,"Forest,Delta"
TS1100,0,"Forest,Delta"
TS1101,0,"Forest,Delta"
TS1102,0,"Forest,Delta"
TS1103,0,"Forest,Delta"
TS1104,0,"Forest,Delta"
TS1105,0,"Forest,Delta"
TS1106,0,"Forest,Delta"
TS1107,0,"Forest,Delta"
TS1108,0,"Forest,Delta"
TS1109,0,"Forest,Delta"
TS1110,0,"Forest,Delta"
TS1111,0,"Forest,Delta"
TS1112,0,"Forest,Delta"
TS1113,0,"Forest,Delta"
TS1114,0,"Forest,Delta"
TS1115,0,"Forest,Delta"
TS1116,0,"Forest,Delta"
TS1117,0,"Forest,Delta"
TS1118,0,"Forest,Delta"
TS1119,0,"Forest,Delta"
TS1120,0,"Forest,Delta"
TS1121,0,"Forest,Delta"
TS1122,0,"Forest,Delta"
TS1123,0,"Forest,Delta"
TS1124,0,"Forest,Delta"
TS1125,0,"Forest,Delta"
TS1126,0,"Forest,Delta"
TS1127,0,"Forest,Delta"
TS1128,0,"Forest,Delta"
TS1129,0,"Forest,Delta"
TS1130,0,"Forest,Delta"
TS1131,0,"Forest,Delta"
TS1132,0,"Forest,Delta"
TS1133,0,"Forest,Delta"
TS1134,0,"Forest,Delta"
TS1135,0,"Forest,Delta"
TS1136,0,"Forest,Delta"
TS1137,0,"Forest,Delta"
TS1138,0,"Forest,Delta"
TS1139,0,"Forest,Delta"
TS1140,0,"Forest,Delta"
TS1141,0,"Forest,Delta"
TS1142,0,"Forest,Delta"
TS1143,0,"Forest,Delta"
TS1144,0,"Forest,Delta"
TS1145,0,"Forest,Delta"
TS1146,0,"Forest,Delta"
TS1147,0,"Forest,Delta"
TS1148,0,"Forest,Delta"
TS1149,0,"Forest,Delta"
TS1150,0,"Forest,Delta"
TS1151,0,"Forest,Delta"
TS1152,0,"Forest,Delta"
TS1153,0,"Forest,Delta"
TS1154,0,"Forest,Delta"
TS1155,0,"Forest,Delta"
TS1156,0,"Forest,Delta"
TS1157,0,"Forest,Delta"
TS1158,0,"Forest,Delta"
TS1159,0,"Forest,Delta"
TS1160,0,"Forest,Delta"
TS1161,0,"Forest,Delta"
TS1162,0,"Forest,Delta"
TS1163,0,"Forest,Delta"
TS1164,0,"Forest,Delta"
TS1165,0,"Forest,Delta"
TS1166,0,"Forest,Delta"
TS1167,0,"Forest,Delta"
TS1168,0,"Forest,Delta"
TS1169,0,"Forest,Delta"
TS1170,0,"Forest,Delta"
TS1171,0,"Forest,Delta"
TS1172,0,"Forest,Delta"
TS1173,0,"Forest,Delta"
TS1174,0,"Forest,Delta"
TS1175,0,"Forest,Delta"
TS1176,0,"Forest,Delta"
TS1177,0,"Forest,Delta"
TS1178,0,"Forest,Delta"
TS1179,0,"Forest,Delta"
TS1180,0,"Forest,Delta"
TS1181,0,"Forest,Delta"
TS1182,0,"Forest,Delta"
TS1183,0,"Forest,Delta"
TS1184,0,"Forest,Delta"
TS1185,0,"Forest,Delta"
TS1186,0,"Forest,Delta"
TS1187,0,"Forest,Delta"
TS1188,0,"Forest,Delta"
TS1189,0,"Forest,Delta"
TS1190,0,"Forest,Delta"
TS1191,0,"Forest,Delta"
TS1192,0,"Forest,Delta"
TS1193,0,"Forest,Delta"
TS1194,0,"Forest,Delta"
TS1195,0,"Forest,Delta"
TS1196,0,"Forest,Delta"
TS1197,0,"Forest,Delta"
TS1198,0,"Forest,Delta"
TS1199,0,"Forest,Delta"
TS1200,0,"Forest,Delta"
TS1201,0,"Forest,Delta"
TS1202,0,"Forest,Delta"
TS1203,0,"Forest,Delta"
TS1204,0,"Forest,Delta"
TS1205,0,"Forest,Delta"
TS1206,0,"Forest,Delta"
TS1207,0,"Forest,Delta"
TS1208,0,"Forest,Delta"
TS1209,0,"Forest,Delta"
TS1210,0,"Forest,Delta"
TS1211,0,"Forest,Delta"
TS1212,0,"Forest,Delta"
TS1213,0,"Forest,Delta"
TS1214,0,"Forest,Delta"
TS1215,0,"Forest,Delta"
TS1216,0,"Forest,Delta"
TS1217,0,"Forest,Delta"
TS1218,0,"Forest,Delta"
TS1219,0,"Forest,Delta"
TS1220,0,"Forest,Delta"
TS1221,0,"Forest,Delta"
TS1222,0,"Forest,Delta"
TS1223,0,"Forest,Delta"
TS1224,0,"Forest,Delta"
TS1225,0,"Forest,Delta"
TS1226,0,"Forest,Delta"
TS1227,0,"Forest,Delta"
TS1228,0,"Forest,Delta"
TS1229,0,"Forest,Delta"
TS1230,0,"Forest,Delta"
TS1231,0,"Forest,Delta"
TS1232,0,"Forest,Delta"
TS1233,0,"Forest,Delta"
TS1234,0,"Forest,Delta"
TS1235,0,"Forest,Delta"
TS1236,0,"Forest,Delta"
TS1237,0,"Forest,Delta"
TS1238,0,"Forest,Delta"
TS1239,0,"Forest,Delta"
TS1240,0,"Forest,Delta"
TS1241,0,"Forest,Delta"
TS1242,0,"Forest,Delta"
TS1243,0,"Forest,Delta"
TS1244,0,"Forest,Delta"
TS1245,0,"Forest,Delta"
TS1246,0,"Forest,Delta"
TS1247,0,"Forest,Delta"
TS1248,0,"Forest,Delta"
TS1249,0,"Forest,Delta"
TS1250,0,"Forest,Delta"
TS1251,0,"Forest,Delta"
TS1252,0,"Forest,Delta"
TS1253,0,"Forest,Delta"
TS1254,0,"Forest,Delta"
TS1255,0,"Forest,Delta"
TS1256,0,"Forest,Delta"
TS1257,0,"Forest,Delta"
TS1258,0,"Forest,Delta"
TS1259,0,"Forest,Delta"
TS1260,0,"Forest,Delta"
TS1261,0,"Forest,Delta"
TS1262,0,"Forest,Delta"
TS1263,0,"Forest,Delta"
TS1264,0,"Forest,Delta"
TS1265,0,"Forest,Delta"
TS1266,0,"Forest,Delta"
TS1267,0,"Forest,Delta"
TS1268,0,"Forest,Delta"
TS1269,0,"Forest,Delta"
TS1270,0,"Forest,Delta"
TS1271,0,"Forest,Delta"
TS1272,0,"Forest,Delta"
TS1273,0,"Forest,Delta"
TS1274,0,"Forest,Delta"
TS1275,0,"Forest,Delta"
TS1276,0,"Forest,Delta"
TS1277,0,"Forest,Delta"
TS1278,0,"Forest,Delta"
TS1279,0,"Forest,Delta"
TS1280,0,"Forest,Delta"
TS1281,0,"Forest,Delta"
TS1282,0,"Forest,Delta"
TS1283,0,"Forest,Delta"
TS1284,0,"Forest,Delta"
TS1285,0,"Forest,Delta"
TS1286,0,"Forest,Delta"
TS1287,0,"Forest,Delta"
TS1288,0,"Forest,Delta"
TS1289,0,"Forest,Delta"
TS1290,0,"Forest,Delta"
TS1291,0,"Forest,Delta"
TS1292,0,"Forest,Delta"
TS1293,0,"Forest,Delta"
TS1294,0,"Forest,Delta"
TS1295,0,"Forest,Delta"
TS1296,0,"Forest,Delta"
TS1297,0,"Forest,Delta"
TS1298,0,"Forest,Delta"
TS1299,0,"Forest,Delta"
TS1300,0,"Forest,Delta"
TS1301,0,"Forest,Delta"
TS1302,0,"Forest,Delta"
TS1303,0,"Forest,Delta"
TS1304,0,"Forest,Delta"
TS1305,0,"Forest,Delta"
TS1306,0,"Forest,Delta"
TS1307,0,"Forest,Delta"
TS1308,0,"Forest,Delta"
TS1309,0,"Forest,Delta"
TS1310,0,"Forest,Delta"
TS1311,0,"Forest,Delta"
TS1312,0,"Forest,Delta"
TS1313,0,"Forest,Delta"
TS1314,0,"Forest,Delta"
TS1315,0,"Forest,Delta"
TS1316,0,"Forest,Delta"
TS1317,0,"Forest,Delta"
TS1318,0,"Forest,Delta"
TS1319,0,"Forest,Delta"
TS1320,0,"Forest,Delta"
TS1321,0,"Forest,Delta"
TS1322,0,"Forest,Delta"
TS1323,0,"Forest,Delta"
TS1324,0,"Forest,Delta"
TS1325,0,"Forest,Delta"
TS1326,0,"Forest,Delta"
TS1327,0,"Forest,Delta"
TS1328,0,"Forest,Delta"
TS1329,0,"Forest,Delta"
TS1330,0,"Forest,Delta"
TS1331,0,"Forest,Delta"
TS1332,0,"Forest,Delta"
TS1333,0,"Forest,Delta"
TS1334,0,"Forest,Delta"
TS1335,0,"Forest,Delta"
TS1336,0,"Forest,Delta"
TS1337,0,"Forest,Delta"
TS1338,0,"Forest,Delta"
TS1339,0,"Forest,Delta"
TS1340,0,"Forest,Delta"
TS1341,0,"Forest,Delta"
TS1342,0,"Forest,Delta"
TS1343,0,"Forest,Delta"
TS1344,0,"Forest,Delta"
TS1345,0,"Forest,Delta"
TS1346,0,"Forest,Delta"
TS1347,0,"Forest,Delta"
TS1348,0,"Forest,Delta"
TS1349,0,"Forest,Delta"
TS1350,0,"Forest,Delta"
TS1351,0,"Forest,Delta"
TS1352,0,"Forest,Delta"
TS1353,0,"Forest,Delta"
TS1354,0,"Forest,Delta"
TS1355,0,"Forest,Delta"
TS1356,0,"Forest,Delta"
TS1357,0,"Forest,Delta"
TS1358,0,"Forest,Delta"
TS1359,0,"Forest,Delta"
TS1360,0,"Forest,Delta"
TS1361,0,"Forest,Delta"
TS1362,0,"Forest,Delta"
TS1363,0,"Forest,Delta"
TS1364,0,"Forest,Delta"
TS1365,0,"Forest,Delta"
TS1366,0,"Forest,Delta"
TS1367,0,"Forest,Delta"
TS1368,0,"Forest,Delta"
TS1369,0,"Forest,Delta"
TS1370,0,"Forest,Delta"
TS1371,0,"Forest,Delta"
TS1372,0,"Forest,Delta"
TS1373,0,"Forest,Delta"
TS1374,0,"Forest,Delta"
TS1375,0,"Forest,Delta"
TS1376,0,"Forest,Delta"
TS1377,0,"Forest,Delta"
TS1378,0,"Forest,Delta"
TS1379,0,"Forest,Delta"
TS1380,0,"Forest,Delta"
TS1381,0,"Forest,Delta"
TS1382,0,"Forest,Delta"
TS1383,0,"Forest,Delta"
TS1384,0,"Forest,Delta"
TS1385,0,"Forest,Delta"
TS1386,0,"Forest,Delta"
TS1387,0,"Forest,Delta"
TS1388,0,"Forest,Delta"
TS1389,0,"Forest,Delta"
TS1390,0,"Forest,Delta"
TS1391,0,"Forest,Delta"
TS1392,0,"Forest,Delta"
TS1393,0,"Forest,Delta"
TS1394,0,"Forest,Delta"
TS1395,0,"Forest,Delta"
TS1396,0,"Forest,Delta"
TS1397,0,"Forest,Delta"
TS1398,0,"Forest,Delta"
TS1399,0,"Forest,Delta"
TS1400,0,"Forest,Delta"
TS1401,0,"Forest,Delta"
TS1402,0,"Forest,Delta"
TS1403,0,"Forest,Delta"
TS1404,0,"Forest,Delta"
TS1405,0,"Forest,Delta"
TS1406,0,"Forest,Delta"
TS1407,0,"Forest,Delta"
TS1408,0,"Forest,Delta"
TS1409,0,"Forest,Delta"
TS1410,0,"Forest,Delta"
TS1411,0,"Forest,Delta"
TS1412,0,"Forest,Delta"
TS1413,0,"Forest,Delta"
TS1414,0,"Forest,Delta"
TS1415,0,"Forest,Delta"
TS1416,0,"Forest,Delta"
TS1417,0,"Forest,Delta"
TS1418,0,"Forest,Delta"
TS1419,0,"Forest,Delta"
TS1420,0,"Forest,Delta"
TS1421,0,"Forest,Delta"
TS1422,0,"Forest,Delta"
TS1423,0,"Forest,Delta"
TS1424,0,"Forest,Delta"
TS1425,0,"Forest,Delta"
TS1426,0,"Forest,Delta"
TS1427,0,"Forest,Delta"
TS1428,0,"Forest,Delta"
TS1429,0,"Forest,Delta"
TS1430,0,"Forest,Delta"
TS1431,0,"Forest,Delta"
TS1432,0,"Forest,Delta"
TS1433,0,"Forest,Delta"
TS1434,0,"Forest,Delta"
TS1435,0,"Forest,Delta"
TS1436,0,"Forest,Delta"
TS1437,0,"Forest,Delta"
TS1438,0,"Forest,Delta"
TS1439,0,"Forest,Delta"
TS1440,0,"Forest,Delta"
TS1441,0,"Forest,Delta"
TS1442,0,"Forest,Delta"
TS1443,0,"Forest,Delta"
TS1444,0,"Forest,Delta"
TS1445,0,"Forest,Delta"
TS1446,0,"Forest,Delta"
TS1447,0,"Forest,Delta"
TS1448,0,"Forest,Delta"
TS1449,0,"Forest,Delta"
TS1450,0,"Forest,Delta"
TS1451,0,"Forest,Delta"
TS1452,0,"Forest,Delta"
TS1453,0,"Forest,Delta"
TS1454,0,"Forest,Delta"
TS1455,0,"Forest,Delta"
TS1456,0,"Forest,Delta"
TS1457,0,"Forest,Delta"
TS1458,0,"Forest,Delta"
TS1459,0,"Forest,Delta"
TS1460,0,"Forest,Delta"
TS1461,0,"Forest,Delta"
TS1462,0,"Forest,Delta"
TS1463,0,"Forest,Delta"
TS1464,0,"Forest,Delta"
TS1465,0,"Forest,Delta"
TS1466,0,"Forest,Delta"
TS1467,0,"Forest,Delta"
TS1468,0,"Forest,Delta"
TS1469,0,"Forest,Delta"
TS1470,0,"Forest,Delta"
TS1471,0,"Forest,Delta"
TS1472,0,"Forest,Delta"
TS1473,0,"Forest,Delta"
TS1474,0,"Forest,Delta"
TS1475,0,"Forest,Delta"
TS1476,0,"Forest,Delta"
TS1477,0,"Forest,Delta"
TS1478,0,"Forest,Delta"
TS1479,0,"Forest,Delta"
TS1480,0,"Forest,Delta"
TS1481,0,"Forest,Delta"
TS1482,0,"Forest,Delta"
TS1483,0,"Forest,Delta"
TS1484,0,"Forest,Delta"
TS1485,0,"Forest,Delta"
TS1486,0,"Forest,Delta"
TS1487,0,"Forest,Delta"
TS1488,0,"Forest,Delta"
TS1489,0,"Forest,Delta"
TS1490,0,"Forest,Delta"
TS1491,0,"Forest,Delta"
TS1492,0,"Forest,Delta"
TS1493,0,"Forest,Delta"
TS1494,0,"Forest,Delta"
TS1495,0,"Forest,Delta"
TS1496,0,"Forest,Delta"
TS1497,0,"Forest,Delta"
TS1498,0,"Forest,Delta"
TS1499,0,"Forest,Delta"
TS1500,0,"Forest,Delta"
TS1501,0,"Forest,Delta"
TS1502,0,"Forest,Delta"
TS1503,0,"Forest,Delta"
TS1504,0,"Forest,Delta"
TS1505,0,"Forest,Delta"
TS1506,0,"Forest,Delta"
TS1507,0,"Forest,Delta"
TS1508,0,"Forest,Delta"
TS1509,0,"Forest,Delta"
TS1510,0,"Forest,Delta"
TS1511,0,"Forest,Delta"
TS1512,0,"Forest,Delta"
TS1513,0,"Forest,Delta"
TS1514,0,"Forest,Delta"
TS1515,0,"Forest,Delta"
TS1516,0,"Forest,Delta"
TS1517,0,"Forest,Delta"
TS1518,0,"Forest,Delta"
TS1519,0,"Forest,Delta"
TS1520,0,"Forest,Delta"
TS1521,0,"Forest,Delta"
TS1522,0,"Forest,Delta"
TS1523,0,"Forest,Delta"
TS1524,0,"Forest,Delta"
TS1525,0,"Forest,Delta"
TS1526,0,"Forest,Delta"
TS1527,0,"Forest,Delta"
TS1528,0,"Forest,Delta"
TS1529,0,"Forest,Delta"
TS1530,0,"Forest,Delta"
TS1531,0,"Forest,Delta"
TS1532,0,"Forest,Delta"
TS1533,0,"Forest,Delta"
TS1534,0,"Forest,Delta"
TS1535,0,"Forest,Delta"
TS1536,0,"Forest,Delta"
TS1537,0,"Forest,Delta"
TS1538,0,"Forest,Delta"
TS1539,0,"Forest,Delta"
TS1540,0,"Forest,Delta"
TS1541,0,"Forest,Delta"
TS1542,0,"Forest,Delta"
TS1543,0,"Forest,Delta"
TS1544,0,"Forest,Delta"
TS1545,0,"Forest,Delta"
TS1546,0,"Forest,Delta"
TS1547,0,"Forest,Delta"
TS1548,0,"Forest,Delta"
TS1549,0,"Forest,Delta"
TS1550,0,"Forest,Delta"
TS1551,0,"Forest,Delta"
TS1552,0,"Forest,Delta"
TS1553,0,"Forest,Delta"
TS1554,0,"Forest,Delta"
TS1555,0,"Forest,Delta"
TS1556,0,"Forest,Delta"
TS1557,0,"Forest,Delta"
TS1558,0,"Forest,Delta"
TS1559,0,"Forest,Delta"
TS1560,0,"Forest,Delta"
TS1561,0,"Forest,Delta"
TS1562,0,"Forest,Delta"
TS1563,0,"Forest,Delta"
TS1564,0,"Forest,Delta"
TS1565,0,"Forest,Delta"
TS1566,0,"Forest,Delta"
TS1567,0,"Forest,Delta"
TS1568,0,"Forest,Delta"
TS1569,0,"Forest,Delta"
TS1570,0,"Forest,Delta"
TS1571,0,"Forest,Delta"
TS1572,0,"Forest,Delta"
TS1573,0,"Forest,Delta"
TS1574,0,"Forest,Delta"
TS1575,0,"Forest,Delta"
TS1576,0,"Forest,Delta"
TS1577,0,"Forest,Delta"
TS1578,0,"Forest,Delta"
TS1579,0,"Forest,Delta"
TS1580,0,"Forest,Delta"
TS1581,0,"Forest,Delta"
TS1582,0,"Forest,Delta"
TS1583,0,"Forest,Delta"
TS1584,0,"Forest,Delta"
TS1585,0,"Forest,Delta"
TS1586,0,"Forest,Delta"
TS1587,0,"Forest,Delta"
TS1588,0,"Forest,Delta"
TS1589,0,"Forest,Delta"
TS1590,0,"Forest,Delta"
TS1591,0,"Forest,Delta"
TS1592,0,"Forest,Delta"
TS1593,0,"Forest,Delta"
TS1594,0,"Forest,Delta"
TS1595,0,"Forest,Delta"
TS1596,0,"Forest,Delta"
TS1597,0,"Forest,Delta"
TS1598,0,"Forest,Delta"
TS1599,0,"Forest,Delta"
TS1600,0,"Forest,Delta"
TS1601,0,"Forest,Delta"
TS1602,0,"Forest,Delta"
TS1603,0,"Forest,Delta"
TS1604,0,"Forest,Delta"
TS1605,0,"Forest,Delta"
TS1606,0,"Forest,Delta"
TS1607,0,"Forest,Delta"
TS1608,0,"Forest,Delta"
TS1609,0,"Forest,Delta"
TS1610,0,"Forest,Delta"
TS1611,0,"Forest,Delta"
TS1612,0,"Forest,Delta"
TS1613,0,"Forest,Delta"
TS1614,0,"Forest,Delta"
TS1615,0,"Forest,Delta"
TS1616,0,"Forest,Delta"
TS1617,0,"Forest,Delta"
TS1618,0,"Forest,Delta"
TS1619,0,"Forest,Delta"
TS1620,0,"Forest,Delta"
TS1621,0,"Forest,Delta"
TS1622,0,"Forest,Delta"
TS1623,0,"Forest,Delta"
TS1624,0,"Forest,Delta"
TS1625,0,"Forest,Delta"
TS1626,0,"Forest,Delta"
TS1627,0,"Forest,Delta"
TS1628,0,"Forest,Delta"
TS1629,0,"Forest,Delta"
TS1630,0,"Forest,Delta"
TS1631,0,"Forest,Delta"
TS1632,0,"Forest,Delta"
TS1633,0,"Forest,Delta"
TS1634,0,"Forest,Delta"
TS1635,0,"Forest,Delta"
TS1636,0,"Forest,Delta"
TS1637,0,"Forest,Delta"
TS1638,0,"Forest,Delta"
TS1639,0,"Forest,Delta"
TS1640,0,"Forest,Delta"
TS1641,0,"Forest,Delta"
TS1642,0,"Forest,Delta"
TS1643,0,"Forest,Delta"
TS1644,0,"Forest,Delta"
TS1645,0,"Forest,Delta"
TS1646,0,"Forest,Delta"
TS1647,0,"Forest,Delta"
TS1648,0,"Forest,Delta"
TS1649,0,"Forest,Delta"
TS1650,0,"Forest,Delta"
TS1651,0,"Forest,Delta"
TS1652,0,"Forest,Delta"
TS1653,0,"Forest,Delta"
TS1654,0,"Forest,Delta"
TS1655,0,"Forest,Delta"
TS1656,0,"Forest,Delta"
TS1657,0,"Forest,Delta"
TS1658,0,"Forest,Delta"
TS1659,0,"Forest,Delta"
TS1660,0,"Forest,Delta"
TS1661,0,"Forest,Delta"
TS1662,0,"Forest,Delta"
TS1663,0,"Forest,Delta"
TS1664,0,"Forest,Delta"
TS1665,0,"Forest,Delta"
TS1666,0,"Forest,Delta"
TS1667,0,"Forest,Delta"
TS1668,0,"Forest,Delta"
TS1669,0,"Forest,Delta"
TS1670,0,"Forest,Delta"
TS1671,0,"Forest,Delta"
TS1672,0,"Forest,Delta"
TS1673,0,"Forest,Delta"
TS1674,0,"Forest,Delta"
TS1675,0,"Forest,Delta"
TS1676,0,"Forest,Delta"
TS1677,0,"Forest,Delta"
TS1678,0,"Forest,Delta"
TS1679,0,"Forest,Delta"
TS1680,0,"Forest,Delta"
TS1681,0,"Forest,Delta"
TS1682,0,"Forest,Delta"
TS1683,0,"Forest,Delta"
TS1684,0,"Forest,Delta"
TS1685,0,"Forest,Delta"
TS1686,0,"Forest,Delta"
TS1687,0,"Forest,Delta"
TS1688,0,"Forest,Delta"
TS1689,0,"Forest,Delta"
TS1690,0,"Forest,Delta"
TS1691,0,"Forest,Delta"
TS1692,0,"Forest,Delta"
TS1693,0,"Forest,Delta"
TS1694,0,"Forest,Delta"
TS1695,0,"Forest,Delta"
TS1696,0,"Forest,Delta"
TS1697,0,"Forest,Delta"
TS1698,0,"Forest,Delta"
TS1699,0,"Forest,Delta"
TS1700,0,"Forest,Delta"
TS1701,0,"Forest,Delta"
TS1702,0,"Forest,Delta"
TS1703,0,"Forest,Delta"
TS1704,0,"Forest,Delta"
TS1705,0,"Forest,Delta"
TS1706,0,"Forest,Delta"
TS1707,0,"Forest,Delta"
TS1708,0,"Forest,Delta"
TS1709,0,"Forest,Delta"
TS1710,0,"Forest,Delta"
TS1711,0,"Forest,Delta"
TS1712,0,"Forest,Delta"
TS1713,0,"Forest,Delta"
TS1714,0,"Forest,Delta"
TS1715,0,"Forest,Delta"
TS1716,0,"Forest,Delta"
TS1717,0,"Forest,Delta"
TS1718,0,"Forest,Delta"
TS1719,0,"Forest,Delta"
TS1720,0,"Forest,Delta"
TS1721,0,"Forest,Delta"
TS1722,0,"Forest,Delta"
TS1723,0,"Forest,Delta"
TS1724,0,"Forest,Delta"
TS1725,0,"Forest,Delta"
TS1726,0,"Forest,Delta"
TS1727,0,"Forest,Delta"
TS1728,0,"Forest,Delta"
TS1729,0,"Forest,Delta"
TS1730,0,"Forest,Delta"
TS1731,0,"Forest,Delta"
TS1732,0,"Forest,Delta"
TS1733,0,"Forest,Delta"
TS1734,0,"Forest,Delta"
TS1735,0,"Forest,Delta"
TS1736,0,"Forest,Delta"
TS1737,0,"Forest,Delta"
TS1738,0,"Forest,Delta"
TS1739,0,"Forest,Delta"
TS1740,0,"Forest,Delta"
TS1741,0,"Forest,Delta"
TS1742,0,"Forest,Delta"
TS1743,0,"Forest,Delta"
TS1744,0,"Forest,Delta"
TS1745,0,"Forest,Delta"
TS1746,0,"Forest,Delta"
TS1747,0,"Forest,Delta"
TS1748,0,"Forest,Delta"
TS1749,0,"Forest,Delta"
TS1750,0,"Forest,Delta"
TS1751,0,"Forest,Delta"
TS1752,0,"Forest,Delta"
TS1753,0,"Forest,Delta"
TS1754,0,"Forest,Delta"
TS1755,0,"Forest,Delta"
TS1756,0,"Forest,Delta"
TS1757,0,"Forest,Delta"
TS1758,0,"Forest,Delta"
TS1759,0,"Forest,Delta"
TS1760,0,"Forest,Delta"
TS1761,0,"Forest,Delta"
TS1762,0,"Forest,Delta"
TS1763,0,"Forest,Delta"
TS1764,0,"Forest,Delta"
TS1765,0,"Forest,Delta"
TS1766,0,"Forest,Delta"
TS1767,0,"Forest,Delta"
TS1768,0,"Forest,Delta"
TS1769,0,"Forest,Delta"
TS1770,0,"Forest,Delta"
TS1771,0,"Forest,Delta"
TS1772,0,"Forest,Delta"
TS1773,0,"Forest,Delta"
TS1774,0,"Forest,Delta"
TS1775,0,"Forest,Delta"
TS1776,0,"Forest,Delta"
TS1777,0,"Forest,Delta"
TS1778,0,"Forest,Delta"
TS1779,0,"Forest,Delta"
TS1780,0,"Forest,Delta"
TS1781,0,"Forest,Delta"
TS1782,0,"Forest,Delta"
TS1783,0,"Forest,Delta"
TS1784,0,"Forest,Delta"
TS1785,0,"Forest,Delta"
TS1786,0,"Forest,Delta"
TS1787,0,"Forest,Delta"
TS1788,0,"Forest,Delta"
TS1789,0,"Forest,Delta"
TS1790,0,"Forest,Delta"
TS1791,0,"Forest,Delta"
TS1792,0,"Forest,Delta"
TS1793,0,"Forest,Delta"
TS1794,0,"Forest,Delta"
TS1795,0,"Forest,Delta"
TS1796,0,"Forest,Delta"
TS1797,0,"Forest,Delta"
TS1798,0,"Forest,Delta"
TS1799,0,"Forest,Delta"
TS1800,0,"Forest,Delta"
TS1801,0,"Forest,Delta"
TS1802,0,"Forest,Delta"
TS1803,0,"Forest,Delta"
TS1804,0,"Forest,Delta"
TS1805,0,"Forest,Delta"
TS1806,0,"Forest,Delta"
TS1807,0,"Forest,Delta"
TS1808,0,"Forest,Delta"
TS1809,0,"Forest,Delta"
TS1810,0,"Forest,Delta"
TS1811,0,"Forest,Delta"
TS1812,0,"Forest,Delta"
TS1813,0,"Forest,Delta"
TS1814,0,"Forest,Delta"
TS1815,0,"Forest,Delta"
TS1816,0,"Forest,Delta"
TS1817,0,"Forest,Delta"
TS1818,0,"Forest,Delta"
TS1819,0,"Forest,Delta"
TS1820,0,"Forest,Delta"
TS1821,0,"Forest,Delta"
TS1822,0,"Forest,Delta"
TS1823,0,"Forest,Delta"
TS1824,0,"Forest,Delta"
TS1825,0,"Forest,Delta"
TS1826,0,"Forest,Delta"
TS1827,0,"Forest,Delta"
TS1828,0,"Forest,Delta"
TS1829,0,"Forest,Delta"
TS1830,0,"Forest,Delta"
TS1831,0,"Forest,Delta"
TS1832,0,"Forest,Delta"
TS1833,0,"Forest,Delta"
TS1834,0,"Forest,Delta"
TS1835,0,"Forest,Delta"
TS1836,0,"Forest,Delta"
TS1837,0,"Forest,Delta"
TS1838,0,"Forest,Delta"
TS1839,0,"Forest,Delta"
TS1840,0,"Forest,Delta"
TS1841,0,"Forest,Delta"
TS1842,0,"Forest,Delta"
TS1843,0,"Forest,Delta"
TS1844,0,"Forest,Delta"
TS1845,0,"Forest,Delta"
TS1846,0,"Forest,Delta"
TS1847,0,"Forest,Delta"
TS1848,0,"Forest,Delta"
TS1849,0,"Forest,Delta"
TS1850,0,"Forest,Delta"
TS1851,0,"Forest,Delta"
TS1852,0,"Forest,Delta"
TS1853,0,"Forest,Delta"
TS1854,0,"Forest,Delta"
TS1855,0,"Forest,Delta"
TS1856,0,"Forest,Delta"
TS1857,0,"Forest,Delta"
TS1858,0,"Forest,Delta"
TS1859,0,"Forest,Delta"
TS1860,0,"Forest,Delta"
TS1861,0,"Forest,Delta"
TS1862,0,"Forest,Delta"
TS1863,0,"Forest,Delta"
TS1864,0,"Forest,Delta"
TS1865,0,"Forest,Delta"
TS1866,0,"Forest,Delta"
TS1867,0,"Forest,Delta"
TS1868,0,"Forest,Delta"
TS1869,0,"Forest,Delta"
TS1870,0,"Forest,Delta"
TS1871,0,"Forest,Delta"
TS1872,0,"Forest,Delta"
TS1873,0,"Forest,Delta"
TS1874,0,"Forest,Delta"
TS1875,0,"Forest,Delta"
TS1876,0,"Forest,Delta"
TS1877,0,"Forest,Delta"
TS1878,0,"Forest,Delta"
TS1879,0,"Forest,Delta"
TS1880,0,"Forest,Delta"
TS1881,0,"Forest,Delta"
TS1882,0,"Forest,Delta"
TS1883,0,"Forest,Delta"
TS1884,0,"Forest,Delta"
TS1885,0,"Forest,Delta"
TS1886,0,"Forest,Delta"
TS1887,0,"Forest,Delta"
TS1888,0,"Forest,Delta"
TS1889,0,"Forest,Delta"
TS1890,0,"Forest,Delta"
TS1891,0,"Forest,Delta"
TS1892,0,"Forest,Delta"
TS1893,0,"Forest,Delta"
TS1894,0,"Forest,Delta"
TS1895,0,"Forest,Delta"
TS1896,0,"Forest,Delta"
TS1897,0,"Forest,Delta"
TS1898,0,"Forest,Delta"
TS1899,0,"Forest,Delta"
TS1900,0,"Forest,Delta"
TS1901,0,"Forest,Delta"
TS1902,0,"Forest,Delta"
TS1903,0,"Forest,Delta"
TS1904,0,"Forest,Delta"
TS1905,0,"Forest,Delta"
TS1906,0,"Forest,Delta"
TS1907,0,"Forest,Delta"
TS1908,0,"Forest,Delta"
TS1909,0,"Forest,Delta"
TS1910,0,"Forest,Delta"
TS1911,0,"Forest,Delta"
TS1912,0,"Forest,Delta"
TS1913,0,"Forest,Delta"
TS1914,0,"Forest,Delta"
TS1915,0,"Forest,Delta"
TS1916,0,"Forest,Delta"
TS1917,0,"Forest,Delta"
TS1918,0,"Forest,Delta"
TS1919,0,"Forest,Delta"
TS1920,0,"Forest,Delta"
TS1921,0,"Forest,Delta"
TS1922,0,"Forest,Delta"
TS1923,0,"Forest,Delta"
TS1924,0,"Forest,Delta"
TS1925,0,"Forest,Delta"
TS1926,0,"Forest,Delta"
TS1927,0,"Forest,Delta"
TS1928,0,"Forest,Delta"
TS1929,0,"Forest,Delta"
TS1930,0,"Forest,Delta"
TS1931,0,"Forest,Delta"
TS1932,0,"Forest,Delta"
TS1933,0,"Forest,Delta"
TS1934,0,"Forest,Delta"
TS1935,0,"Forest,Delta"
TS1936,0,"Forest,Delta"
TS1937,0,"Forest,Delta"
TS1938,0,"Forest,Delta"
TS1939,0,"Forest,Delta"
TS1940,0,"Forest,Delta"
TS1941,0,"Forest,Delta"
TS1942,0,"Forest,Delta"
TS1943,0,"Forest,Delta"
TS1944,0,"Forest,Delta"
TS1945,0,"Forest,Delta"
TS1946,0,"Forest,Delta"
TS1947,0,"Forest,Delta"
TS1948,0,"Forest,Delta"
TS1949,0,"Forest,Delta"
TS1950,0,"Forest,Delta"
TS1951,0,"Forest,Delta"
TS1952,0,"Forest,Delta"
TS1953,0,"Forest,Delta"
TS1954,0,"Forest,Delta"
TS1955,0,"Forest,Delta"
TS1956,0,"Forest,Delta"
TS1957,0,"Forest,Delta"
TS1958,0,"Forest,Delta"
TS1959,0,"Forest,Delta"
TS1960,0,"Forest,Delta"
TS1961,0,"Forest,Delta"
TS1962,0,"Forest,Delta"
TS1963,0,"Forest,Delta"
TS1964,0,"Forest,Delta"
TS1965,0,"Forest,Delta"
TS1966,0,"Forest,Delta"
TS1967,0,"Forest,Delta"
TS1968,0,"Forest,Delta"
TS1969,0,"Forest,Delta"
TS1970,0,"Forest,Delta"
TS1971,0,"Forest,Delta"
TS1972,0,"Forest,Delta"
TS1973,0,"Forest,Delta"
TS1974,0,"Forest,Delta"
TS1975,0,"Forest,Delta"
TS1976,0,"Forest,Delta"
TS1977,0,"Forest,Delta"
TS1978,0,"Forest,Delta"
TS1979,0,"Forest,Delta"
TS1980,0,"Forest,Delta"
TS1981,0,"Forest,Delta"
TS1982,0,"Forest,Delta"
TS1983,0,"Forest,Delta"
TS1984,0,"Forest,Delta"
TS1985,0,"Forest,Delta"
TS1986,0,"Forest,Delta"
TS1987,0,"Forest,Delta"
TS1988,0,"Forest,Delta"
TS1989,0,"Forest,Delta"
TS1990,0,"Forest,Delta"
TS1991,0,"Forest,Delta"
TS1992,0,"Forest,Delta"
TS1993,0,"Forest,Delta"
TS1994,0,"Forest,Delta"
TS1995,0,"Forest,Delta"
TS1996,0,"Forest,Delta"
TS1997,0,"Forest,Delta"
TS1998,0,"Forest,Delta"
TS1999,0,"Forest,Delta"
TS2000,0,"Forest,Delta"
TS2001,0,"Forest,Delta"
TS2002,0,"Forest,Delta"
TS2003,0,"Forest,Delta"
TS2004,0,"Forest,Delta"
TS2005,0,"Forest,Delta"
TS2006,0,"Forest,Delta"
TS2007,0,"Forest,Delta"
TS2008,0,"Forest,Delta"
TS2009,0,"Forest,Delta"
TS2010,0,"Forest,Delta"
TS2011,0,"Forest,Delta"
TS2012,0,"Forest,Delta"
TS2013,0,"Forest,Delta"
TS2014,0,"Forest,Delta"
TS2015,0,"Forest,Delta"
TS2016,0,"Forest,Delta"
TS2017,0,"Forest,Delta"
TS2018,0,"Forest,Delta"
TS2019,0,"Forest,Delta"
TS2020,0,"Forest,Delta"
TS2021,0,"Forest,Delta"
TS2022,0,"Forest,Delta"
TS2023,0,"Forest,Delta"
TS2024,0,"Forest,Delta"
TS2025,0,"Forest,Delta"
TS2026,0,"Forest,Delta"
TS2027,0,"Forest,Delta"
TS2028,0,"Forest,Delta"
TS2029,0,"Forest,Delta"
TS2030,0,"Forest,Delta"
TS2031,0,"Forest,Delta"
TS2032,0,"Forest,Delta"
TS2033,0,"Forest,Delta"
TS2034,0,"Forest,Delta"
TS2035,0,"Forest,Delta"
TS2036,0,"Forest,Delta"
TS2037,0,"Forest,Delta"
TS2038,0,"Forest,Delta"
TS2039,0,"Forest,Delta"
TS2040,0,"Forest,Delta"
TS2041,0,"Forest,Delta"
TS2042,0,"Forest,Delta"
TS2043,0,"Forest,Delta"
TS2044,0,"Forest,Delta"
TS2045,0,"Forest,Delta"
TS2046,0,"Forest,Delta"
TS2047,0,"Forest,Delta"
TS2048,0,"Forest,Delta"
TS2049,0,"Forest,Delta"
TS2050,0,"Forest,Delta"
TS2051,0,"Forest,Delta"
TS2052,0,"Forest,Delta"
TS2053,0,"Forest,Delta"
TS2054,0,"Forest,Delta"
TS2055,0,"Forest,Delta"
TS2056,0,"Forest,Delta"
TS2057,0,"Forest,Delta"
TS2058,0,"Forest,Delta"
TS2059,0,"Forest,Delta"
TS2060,0,"Forest,Delta"
TS2061,0,"Forest,Delta"
TS2062,0,"Forest,Delta"
TS2063,0,"Forest,Delta"
TS2064,0,"Forest,Delta"
TS2065,0,"Forest,Delta"
TS2066,0,"Forest,Delta"
TS2067,0,"Forest,Delta"
TS2068,0,"Forest,Delta"
TS2069,0,"Forest,Delta"
TS2070,0,"Forest,Delta"
TS2071,0,"Forest,Delta"
TS2072,0,"Forest,Delta"
TS2073,0,"Forest,Delta"
TS2074,0,"Forest,Delta"
TS2075,0,"Forest,Delta"
TS2076,0,"Forest,Delta"
TS2077,0,"Forest,Delta"
TS2078,0,"Forest,Delta"
TS2079,0,"Forest,Delta"
TS2080,0,"Forest,Delta"
TS2081,0,"Forest,Delta"
TS2082,0,"Forest,Delta"
TS2083,0,"Forest,Delta"
TS2084,0,"Forest,Delta"
TS2085,0,"Forest,Delta"
TS2086,0,"Forest,Delta"
TS2087,0,"Forest,Delta"
TS2088,0,"Forest,Delta"
TS2089,0,"Forest,Delta"
TS2090,0,"Forest,Delta"
TS2091,0,"Forest,Delta"
TS2092,0,"Forest,Delta"
TS2093,0,"Forest,Delta"
TS2094,0,"Forest,Delta"
TS2095,0,"Forest,Delta"
TS2096,0,"Forest,Delta"
TS2097,0,"Forest,Delta"
TS2098,0,"Forest,Delta"
TS2099,0,"Forest,Delta"
TS2100,0,"Forest,Delta"
TS2101,0,"Forest,Delta"
TS2102,0,"Forest,Delta"
TS2103,0,"Forest,Delta"
TS2104,0,"Forest,Delta"
TS2105,0,"Forest,Delta"
TS2106,0,"Forest,Delta"
TS2107,0,"Forest,Delta"
TS2108,0,"Forest,Delta"
TS2109,0,"Forest,Delta"
TS2110,0,"Forest,Delta"
TS2111,0,"Forest,Delta"
TS2112,0,"Forest,Delta"
TS2113,0,"Forest,Delta"
TS2114,0,"Forest,Delta"
TS2115,0,"Forest,Delta"
TS2116,0,"Forest,Delta"
TS2117,0,"Forest,Delta"
TS2118,0,"Forest,Delta"
TS2119,0,"Forest,Delta"
TS2120,0,"Forest,Delta"
TS2121,0,"Forest,Delta"
TS2122,0,"Forest,Delta"
TS2123,0,"Forest,Delta"
TS2124,0,"Forest,Delta"
TS2125,0,"Forest,Delta"
TS2126,0,"Forest,Delta"
TS2127,0,"Forest,Delta"
TS2128,0,"Forest,Delta"
TS2129,0,"Forest,Delta"
TS2130,0,"Forest,Delta"
TS2131,0,"Forest,Delta"
TS2132,0,"Forest,Delta"
TS2133,0,"Forest,Delta"
TS2134,0,"Forest,Delta"
TS2135,0,"Forest,Delta"
TS2136,0,"Forest,Delta"
TS2137,0,"Forest,Delta"
TS2138,0,"Forest,Delta"
TS2139,0,"Forest,Delta"
TS2140,0,"Forest,Delta"
TS2141,0,"Forest,Delta"
TS2142,0,"Forest,Delta"
TS2143,0,"Forest,Delta"
TS2144,0,"Forest,Delta"
TS2145,0,"Forest,Delta"
TS2146,0,"Forest,Delta"
TS2147,0,"Forest,Delta"
TS2148,0,"Forest,Delta"
TS2149,0,"Forest,Delta"
TS2150,0,"Forest,Delta"
TS2151,0,"Forest,Delta"
TS2152,0,"Forest,Delta"
TS2153,0,"Forest,Delta"
TS2154,0,"Forest,Delta"
TS2155,0,"Forest,Delta"
TS2156,0,"Forest,Delta"
TS2157,0,"Forest,Delta"
TS2158,0,"Forest,Delta"
TS2159,0,"Forest,Delta"
TS2160,0,"Forest,Delta"
TS2161,0,"Forest,Delta"
TS2162,0,"Forest,Delta"
TS2163,0,"Forest,Delta"
TS2164,0,"Forest,Delta"
TS2165,0,"Forest,Delta"
TS2166,0,"Forest,Delta"
TS2167,0,"Forest,Delta"
TS2168,0,"Forest,Delta"
TS2169,0,"Forest,Delta"
TS2170,0,"Forest,Delta"
TS2171,0,"Forest,Delta"
TS2172,0,"Forest,Delta"
TS2173,0,"Forest,Delta"
TS2174,0,"Forest,Delta"
TS2175,0,"Forest,Delta"
TS2176,0,"Forest,Delta"
TS2177,0,"Forest,Delta"
TS2178,0,"Forest,Delta"
TS2179,0,"Forest,Delta"
TS2180,0,"Forest,Delta"
TS2181,0,"Forest,Delta"
TS2182,0,"Forest,Delta"
TS2183,0,"Forest,Delta"
TS2184,0,"Forest,Delta"
TS2185,0,"Forest,Delta"
TS2186,0,"Forest,Delta"
TS2187,0,"Forest,Delta"
TS2188,0,"Forest,Delta"
TS2189,0,"Forest,Delta"
TS2190,0,"Forest,Delta"
TS2191,0,"Forest,Delta"
TS2192,0,"Forest,Delta"
TS2193,0,"Forest,Delta"
TS2194,0,"Forest,Delta"
TS2195,0,"Forest,Delta"
TS2196,0,"Forest,Delta"
TS2197,0,"Forest,Delta"
TS2198,0,"Forest,Delta"
TS2199,0,"Forest,Delta"
TS2200,0,"Forest,Delta"
TS2201,0,"Forest,Delta"
TS2202,0,"Forest,Delta"
TS2203,0,"Forest,Delta"
TS2204,0,"Forest,Delta"
TS2205,0,"Forest,Delta"
TS2206,0,"Forest,Delta"
TS2207,0,"Forest,Delta"
TS2208,0,"Forest,Delta"
TS2209,0,"Forest,Delta"
TS2210,0,"Forest,Delta"
TS2211,0,"Forest,Delta"
TS2212,0,"Forest,Delta"
TS2213,0,"Forest,Delta"
TS2214,0,"Forest,Delta"
TS2215,0,"Forest,Delta"
TS2216,0,"Forest,Delta"
TS2217,0,"Forest,Delta"
TS2218,0,"Forest,Delta"
TS2219,0,"Forest,Delta"
TS2220,0,"Forest,Delta"
TS2221,0,"Forest,Delta"
TS2222,0,"Forest,Delta"
TS2223,0,"Forest,Delta"
TS2224,0,"Forest,Delta"
TS2225,0,"Forest,Delta"
TS2226,0,"Forest,Delta"
TS2227,0,"Forest,Delta"
TS2228,0,"Forest,Delta"
TS2229,0,"Forest,Delta"
TS2230,0,"Forest,Delta"
TS2231,0,"Forest,Delta"
TS2232,0,"Forest,Delta"
TS2233,0,"Forest,Delta"
TS2234,0,"Forest,Delta"
TS2235,0,"Forest,Delta"
TS2236,0,"Forest,Delta"
TS2237,0,"Forest,Delta"
TS2238,0,"Forest,Delta"
TS2239,0,"Forest,Delta"
TS2240,0,"Forest,Delta"
TS2241,0,"Forest,Delta"
TS2242,0,"Forest,Delta"
TS2243,0,"Forest,Delta"
TS2244,0,"Forest,Delta"
TS2245,0,"Forest,Delta"
TS2246,0,"Forest,Delta"
TS2247,0,"Forest,Delta"
TS2248,0,"Forest,Delta"
TS2249,0,"Forest,Delta"
TS2250,0,"Forest,Delta"
TS2251,0,"Forest,Delta"
TS2252,0,"Forest,Delta"
TS2253,0,"Forest,Delta"
TS2254,0,"Forest,Delta"
TS2255,0,"Forest,Delta"
TS2256,0,"Forest,Delta"
TS2257,0,"Forest,Delta"
TS2258,0,"Forest,Delta"
TS2259,0,"Forest,Delta"
TS2260,0,"Forest,Delta"
TS2261,0,"Forest,Delta"
TS2262,0,"Forest,Delta"
TS2263,0,"Forest,Delta"
TS2264,0,"Forest,Delta"
TS2265,0,"Forest,Delta"
TS2266,0,"Forest,Delta"
TS2267,0,"Forest,Delta"
TS2268,0,"Forest,Delta"
TS2269,0,"Forest,Delta"
TS2270,0,"Forest,Delta"
TS2271,0,"Forest,Delta"
TS2272,0,"Forest,Delta"
TS2273,0,"Forest,Delta"
TS2274,0,"Forest,Delta"
TS2275,0,"Forest,Delta"
TS2276,0,"Forest,Delta"
TS2277,0,"Forest,Delta"
TS2278,0,"Forest,Delta"
TS2279,0,"Forest,Delta"
TS2280,0,"Forest,Delta"
TS2281,0,"Forest,Delta"
TS2282,0,"Forest,Delta"
TS2283,0,"Forest,Delta"
TS2284,0,"Forest,Delta"
TS2285,0,"Forest,Delta"
TS2286,0,"Forest,Delta"
TS2287,0,"Forest,Delta"
TS2288,0,"Forest,Delta"
TS2289,0,"Forest,Delta"
TS2290,0,"Forest,Delta"
TS2291,0,"Forest,Delta"
TS2292,0,"Forest,Delta"
TS2293,0,"Forest,Delta"
TS2294,0,"Forest,Delta"
TS2295,0,"Forest,Delta"
TS2296,0,"Forest,Delta"
TS2297,0,"Forest,Delta"
TS2298,0,"Forest,Delta"
TS2299,0,"Forest,Delta"
TS2300,0,"Forest,Delta"
TS2301,0,"Forest,Delta"
TS2302,0,"Forest,Delta"
TS2303,0,"Forest,Delta"
TS2304,0,"Forest,Delta"
TS2305,0,"Forest,Delta"
TS2306,0,"Forest,Delta"
TS2307,0,"Forest,Delta"
TS2308,0,"Forest,Delta"
TS2309,0,"Forest,Delta"
TS2310,0,"Forest,Delta"
TS2311,0,"Forest,Delta"
TS2312,0,"Forest,Delta"
TS2313,0,"Forest,Delta"
TS2314,0,"Forest,Delta"
TS2315,0,"Forest,Delta"
TS2316,0,"Forest,Delta"
TS2317,0,"Forest,Delta"
TS2318,0,"Forest,Delta"
TS2319,0,"Forest,Delta"
TS2320,0,"Forest,Delta"
TS2321,0,"Forest,Delta"
TS2322,0,"Forest,Delta"
TS2323,0,"Forest,Delta"
TS2324,0,"Forest,Delta"
TS2325,0,"Forest,Delta"
TS2326,0,"Forest,Delta"
TS2327,0,"Forest,Delta"
TS2328,0,"Forest,Delta"
TS2329,0,"Forest,Delta"
TS2330,0,"Forest,Delta"
TS2331,0,"Forest,Delta"
TS2332,0,"Forest,Delta"
TS2333,0,"Forest,Delta"
TS2334,0,"Forest,Delta"
TS2335,0,"Forest,Delta"
TS2336,0,"Forest,Delta"
TS2337,0,"Forest,Delta"
TS2338,0,"Forest,Delta"
TS2339,0,"Forest,Delta"
TS2340,0,"Forest,Delta"
TS2341,0,"Forest,Delta"
TS2342,0,"Forest,Delta"
TS2343,0,"Forest,Delta"
TS2344,0,"Forest,Delta"
TS2345,0,"Forest,Delta"
TS2346,0,"Forest,Delta"
TS2347,0,"Forest,Delta"
TS2348,0,"Forest,Delta"
TS2349,0,"Forest,Delta"
TS2350,0,"Forest,Delta"
TS2351,0,"Forest,Delta"
TS2352,0,"Forest,Delta"
TS2353,0,"Forest,Delta"
TS2354,0,"Forest,Delta"
TS2355,0,"Forest,Delta"
TS2356,0,"Forest,Delta"
TS2357,0,"Forest,Delta"
TS2358,0,"Forest,Delta"
TS2359,0,"Forest,Delta"
TS2360,0,"Forest,Delta"
TS2361,0,"Forest,Delta"
TS2362,0,"Forest,Delta"
TS2363,0,"Forest,Delta"
TS2364,0,"Forest,Delta"
TS2365,0,"Forest,Delta"
TS2366,0,"Forest,Delta"
TS2367,0,"Forest,Delta"
TS2368,0,"Forest,Delta"
TS2369,0,"Forest,Delta"
TS2370,0,"Forest,Delta"
TS2371,0,"Forest,Delta"
TS2372,0,"Forest,Delta"
TS2373,0,"Forest,Delta"
TS2374,0,"Forest,Delta"
TS2375,0,"Forest,Delta"
TS2376,0,"Forest,Delta"
TS2377,0,"Forest,Delta"
TS2378,0,"Forest,Delta"
TS2379,0,"Forest,Delta"
TS2380,0,"Forest,Delta"
TS2381,0,"Forest,Delta"
TS2382,0,"Forest,Delta"
TS2383,0,"Forest,Delta"
TS2384,0,"Forest,Delta"
TS2385,0,"Forest,Delta"
TS2386,0,"Forest,Delta"
TS2387,0,"Forest,Delta"
TS2388,0,"Forest,Delta"
TS2389,0,"Forest,Delta"
TS2390,0,"Forest,Delta"
TS2391,0,"Forest,Delta"
TS2392,0,"Forest,Delta"
TS2393,0,"Forest,Delta"
TS2394,0,"Forest,Delta"
TS2395,0,"Forest,Delta"
TS2396,0,"Forest,Delta"
TS2397,0,"Forest,Delta"
TS2398,0,"Forest,Delta"
TS2399,0,"Forest,Delta"
TS2400,0,"Forest,Delta"
TS2401,0,"Forest,Delta"
TS2402,0,"Forest,Delta"
TS2403,0,"Forest,Delta"
TS2404,0,"Forest,Delta"
TS2405,0,"Forest,Delta"
TS2406,0,"Forest,Delta"
TS2407,0,"Forest,Delta"
TS2408,0,"Forest,Delta"
TS2409,0,"Forest,Delta"
TS2410,0,"Forest,Delta"
TS2411,0,"Forest,Delta"
TS2412,0,"Forest,Delta"
TS2413,0,"Forest,Delta"
TS2414,0,"Forest,Delta"
TS2415,0,"Forest,Delta"
TS2416,0,"Forest,Delta"
TS2417,0,"Forest,Delta"
TS2418,0,"Forest,Delta"
TS2419,0,"Forest,Delta"
TS2420,0,"Forest,Delta"
TS2421,0,"Forest,Delta"
TS2422,0,"Forest,Delta"
TS2423,0,"Forest,Delta"
TS2424,0,"Forest,Delta"
TS2425,0,"Forest,Delta"
TS2426,0,"Forest,Delta"
TS2427,0,"Forest,Delta"
TS2428,0,"Forest,Delta"
TS2429,0,"Forest,Delta"
TS2430,0,"Forest,Delta"
TS2431,0,"Forest,Delta"
TS2432,0,"Forest,Delta"
TS2433,0,"Forest,Delta"
TS2434,0,"Forest,Delta"
TS2435,0,"Forest,Delta"
TS2436,0,"Forest,Delta"
TS2437,0,"Forest,Delta"
TS2438,0,"Forest,Delta"
TS2439,0,"Forest,Delta"
TS2440,0,"Forest,Delta"
TS2441,0,"Forest,Delta"
TS2442,0,"Forest,Delta"
TS2443,0,"Forest,Delta"
TS2444,0,"Forest,Delta"
TS2445,0,"Forest,Delta"
TS2446,0,"Forest,Delta"
TS2447,0,"Forest,Delta"
TS2448,0,"Forest,Delta"
TS2449,0,"Forest,Delta"
TS2450,0,"Forest,Delta"
TS2451,0,"Forest,Delta"
TS2452,0,"Forest,Delta"
TS2453,0,"Forest,Delta"
TS2454,0,"Forest,Delta"
TS2455,0,"Forest,Delta"
TS2456,0,"Forest,Delta"
TS2457,0,"Forest,Delta"
TS2458,0,"Forest,Delta"
TS2459,0,"Forest,Delta"
TS2460,0,"Forest,Delta"
TS2461,0,"Forest,Delta"
TS2462,0,"Forest,Delta"
TS2463,0,"Forest,Delta"
TS2464,0,"Forest,Delta"
TS2465,0,"Forest,Delta"
TS2466,0,"Forest,Delta"
TS2467,0,"Forest,Delta"
TS2468,0,"Forest,Delta"
TS2469,0,"Forest,Delta"
TS2470,0,"Forest,Delta"
TS2471,0,"Forest,Delta"
TS2472,0,"Forest,Delta"
TS2473,0,"Forest,Delta"
TS2474,0,"Forest,Delta"
TS2475,0,"Forest,Delta"
TS2476,0,"Forest,Delta"
TS2477,0,"Forest,Delta"
TS2478,0,"Forest,Delta"
TS2479,0,"Forest,Delta"
TS2480,0,"Forest,Delta"
TS2481,0,"Forest,Delta"
TS2482,0,"Forest,Delta"
TS2483,0,"Forest,Delta"
TS2484,0,"Forest,Delta"
TS2485,0,"Forest,Delta"
TS2486,0,"Forest,Delta"
TS2487,0,"Forest,Delta"
TS2488,0,"Forest,Delta"
TS2489,0,"Forest,Delta"
TS2490,0,"Forest,Delta"
TS2491,0,"Forest,Delta"
TS2492,0,"Forest,Delta"
TS2493,0,"Forest,Delta"
TS2494,0,"Forest,Delta"
TS2495,0,"Forest,Delta"
TS2496,0,"Forest,Delta"
TS2497,0,"Forest,Delta"
TS2498,0,"Forest,Delta"
TS2499,0,"Forest,Delta"
TS2500,0,"Forest,Delta"
TS2501,0,"Forest,Delta"
TS2502,0,"Forest,Delta"
TS2503,0,"Forest,Delta"
TS2504,0,"Forest,Delta"
TS2505,0,"Forest,Delta"
TS2506,0,"Forest,Delta"
TS2507,0,"Forest,Delta"
TS2508,0,"Forest,Delta"
TS2509,0,"Forest,Delta"
TS2510,0,"Forest,Delta"
TS2511,0,"Forest,Delta"
TS2512,0,"Forest,Delta"
TS2513,0,"Forest,Delta"
TS2514,0,"Forest,Delta"
TS2515,0,"Forest,Delta"
TS2516,0,"Forest,Delta"
TS2517,0,"Forest,Delta"
TS2518,0,"Forest,Delta"
TS2519,0,"Forest,Delta"
TS2520,0,"Forest,Delta"
TS2521,0,"Forest,Delta"
TS2522,0,"Forest,Delta"
TS2523,0,"Forest,Delta"
TS2524,0,"Forest,Delta"
TS2525,0,"Forest,Delta"
TS2526,0,"Forest,Delta"
TS2527,0,"Forest,Delta"
TS2528,0,"Forest,Delta"
TS2529,0,"Forest,Delta"
TS2530,0,"Forest,Delta"
TS2531,0,"Forest,Delta"
TS2532,0,"Forest,Delta"
TS2533,0,"Forest,Delta"
TS2534,0,"Forest,Delta"
TS2535,0,"Forest,Delta"
TS2536,0,"Forest,Delta"
TS2537,0,"Forest,Delta"
TS2538,0,"Forest,Delta"
TS2539,0,"Forest,Delta"
TS2540,0,"Forest,Delta"
TS2541,0,"Forest,Delta"
TS2542,0,"Forest,Delta"
TS2543,0,"Forest,Delta"
TS2544,0,"Forest,Delta"
TS2545,0,"Forest,Delta"
TS2546,0,"Forest,Delta"
TS2547,0,"Forest,Delta"
TS2548,0,"Forest,Delta"
TS2549,0,"Forest,Delta"
TS2550,0,"Forest,Delta"
TS2551,0,"Forest,Delta"
TS2552,0,"Forest,Delta"
TS2553,0,"Forest,Delta"
TS2554,0,"Forest,Delta"
TS2555,0,"Forest,Delta"
TS2556,0,"Forest,Delta"
TS2557,0,"Forest,Delta"
TS2558,0,"Forest,Delta"
TS2559,0,"Forest,Delta"
TS2560,0,"Forest,Delta"
TS2561,0,"Forest,Delta"
TS2562,0,"Forest,Delta"
TS2563,0,"Forest,Delta"
TS2564,0,"Forest,Delta"
TS2565,0,"Forest,Delta"
TS2566,0,"Forest,Delta"
TS2567,0,"Forest,Delta"
TS2568,0,"Forest,Delta"
TS2569,0,"Forest,Delta"
TS2570,0,"Forest,Delta"
TS2571,0,"Forest,Delta"
TS2572,0,"Forest,Delta"
TS2573,0,"Forest,Delta"
TS2574,0,"Forest,Delta"
TS2575,0,"Forest,Delta"
TS2576,0,"Forest,Delta"
TS2577,0,"Forest,Delta"
TS2578,0,"Forest,Delta"
TS2579,0,"Forest,Delta"
TS2580,0,"Forest,Delta"
TS2581,0,"Forest,Delta"
TS2582,0,"Forest,Delta"
TS2583,0,"Forest,Delta"
TS2584,0,"Forest,Delta"
TS2585,0,"Forest,Delta"
TS2586,0,"Forest,Delta"
TS2587,0,"Forest,Delta"
TS2588,0,"Forest,Delta"
TS2589,0,"Forest,Delta"
TS2590,0,"Forest,Delta"
TS2591,0,"Forest,Delta"
TS2592,0,"Forest,Delta"
TS2593,0,"Forest,Delta"
TS2594,0,"Forest,Delta"
TS2595,0,"Forest,Delta"
TS2596,0,"Forest,Delta"
TS2597,0,"Forest,Delta"
TS2598,0,"Forest,Delta"
TS2599,0,"Forest,Delta"
TS2600,0,"Forest,Delta"
TS2601,0,"Forest,Delta"
TS2602,0,"Forest,Delta"
TS2603,0,"Forest,Delta"
TS2604,0,"Forest,Delta"
TS2605,0,"Forest,Delta"
TS2606,0,"Forest,Delta"
TS2607,0,"Forest,Delta"
TS2608,0,"Forest,Delta"
TS2609,0,"Forest,Delta"
TS2610,0,"Forest,Delta"
TS2611,0,"Forest,Delta"
TS2612,0,"Forest,Delta"
TS2613,0,"Forest,Delta"
TS2614,0,"Forest,Delta"
TS2615,0,"Forest,Delta"
TS2616,0,"Forest,Delta"
TS2617,0,"Forest,Delta"
TS2618,0,"Forest,Delta"
TS2619,0,"Forest,Delta"
TS2620,0,"Forest,Delta"
TS2621,0,"Forest,Delta"
TS2622,0,"Forest,Delta"
TS2623,0,"Forest,Delta"
TS2624,0,"Forest,Delta"
TS2625,0,"Forest,Delta"
TS2626,0,"Forest,Delta"
TS2627,0,"Forest,Delta"
TS2628,0,"Forest,Delta"
TS2629,0,"Forest,Delta"
TS2630,0,"Forest,Delta"
TS2631,0,"Forest,Delta"
TS2632,0,"Forest,Delta"
TS2633,0,"Forest,Delta"
TS2634,0,"Forest,Delta"
TS2635,0,"Forest,Delta"
TS2636,0,"Forest,Delta"
TS2637,0,"Forest,Delta"
TS2638,0,"Forest,Delta"
TS2639,0,"Forest,Delta"
TS2640,0,"Forest,Delta"
TS2641,0,"Forest,Delta"
TS2642,0,"Forest,Delta"
TS2643,0,"Forest,Delta"
TS2644,0,"Forest,Delta"
TS2645,0,"Forest,Delta"
TS2646,0,"Forest,Delta"
TS2647,0,"Forest,Delta"
TS2648,0,"Forest,Delta"
TS2649,0,"Forest,Delta"
TS2650,0,"Forest,Delta"
TS2651,0,"Forest,Delta"
TS2652,0,"Forest,Delta"
TS2653,0,"Forest,Delta"
TS2654,0,"Forest,Delta"
TS2655,0,"Forest,Delta"
TS2656,0,"Forest,Delta"
TS2657,0,"Forest,Delta"
TS2658,0,"Forest,Delta"
TS2659,0,"Forest,Delta"
TS2660,0,"Forest,Delta"
TS2661,0,"Forest,Delta"
TS2662,0,"Forest,Delta"
TS2663,0,"Forest,Delta"
TS2664,0,"Forest,Delta"
TS2665,0,"Forest,Delta"
TS2666,0,"Forest,Delta"
TS2667,0,"Forest,Delta"
TS2668,0,"Forest,Delta"
TS2669,0,"Forest,Delta"
TS2670,0,"Forest,Delta"
TS2671,0,"Forest,Delta"
TS2672,0,"Forest,Delta"
TS2673,0,"Forest,Delta"
TS2674,0,"Forest,Delta"
TS2675,0,"Forest,Delta"
TS2676,0,"Forest,Delta"
TS2677,0,"Forest,Delta"
TS2678,0,"Forest,Delta"
TS2679,0,"Forest,Delta"
TS2680,0,"Forest,Delta"
TS2681,0,"Forest,Delta"
TS2682,0,"Forest,Delta"
TS2683,0,"Forest,Delta"
TS2684,0,"Forest,Delta"
TS2685,0,"Forest,Delta"
TS2686,0,"Forest,Delta"
TS2687,0,"Forest,Delta"
TS2688,0,"Forest,Delta"
TS2689,0,"Forest,Delta"
TS2690,0,"Forest,Delta"
TS2691,0,"Forest,Delta"
TS2692,0,"Forest,Delta"
TS2693,0,"Forest,Delta"
TS2694,0,"Forest,Delta"
TS2695,0,"Forest,Delta"
TS2696,0,"Forest,Delta"
TS2697,0,"Forest,Delta"
TS2698,0,"Forest,Delta"
TS2699,0,"Forest,Delta"
TS2700,0,"Forest,Delta"
TS2701,0,"Forest,Delta"
TS2702,0,"Forest,Delta"
TS2703,0,"Forest,Delta"
TS2704,0,"Forest,Delta"
TS2705,0,"Forest,Delta"
TS2706,0,"Forest,Delta"
TS2707,0,"Forest,Delta"
TS2708,0,"Forest,Delta"
TS2709,0,"Forest,Delta"
TS2710,0,"Forest,Delta"
TS2711,0,"Forest,Delta"
TS2712,0,"Forest,Delta"
TS2713,0,"Forest,Delta"
TS2714,0,"Forest,Delta"
TS2715,0,"Forest,Delta"
TS2716,0,"Forest,Delta"
TS2717,0,"Forest,Delta"
TS2718,0,"Forest,Delta"
TS2719,0,"Forest,Delta"
TS2720,0,"Forest,Delta"
TS2721,0,"Forest,Delta"
TS2722,0,"Forest,Delta"
TS2723,0,"Forest,Delta"
TS2724,0,"Forest,Delta"
TS2725,0,"Forest,Delta"
TS2726,0,"Forest,Delta"
TS2727,0,"Forest,Delta"
TS2728,0,"Forest,Delta"
TS2729,0,"Forest,Delta"
TS2730,0,"Forest,Delta"
TS2731,0,"Forest,Delta"
TS2732,0,"Forest,Delta"
TS2733,0,"Forest,Delta"
TS2734,0,"Forest,Delta"
TS2735,0,"Forest,Delta"
TS2736,0,"Forest,Delta"
TS2737,0,"Forest,Delta"
TS2738,0,"Forest,Delta"
TS2739,0,"Forest,Delta"
TS2740,0,"Forest,Delta"
TS2741,0,"Forest,Delta"
TS2742,0,"Forest,Delta"
TS2743,0,"Forest,Delta"
TS2744,0,"Forest,Delta"
TS2745,0,"Forest,Delta"
TS2746,0,"Forest,Delta"
TS2747,0,"Forest,Delta"
TS2748,0,"Forest,Delta"
TS2749,0,"Forest,Delta"
TS2750,0,"Forest,Delta"
TS2751,0,"Forest,Delta"
TS2752,0,"Forest,Delta"
TS2753,0,"Forest,Delta"
TS2754,0,"Forest,Delta"
TS2755,0,"Forest,Delta"
TS2756,0,"Forest,Delta"
TS2757,0,"Forest,Delta"
TS2758,0,"Forest,Delta"
TS2759,0,"Forest,Delta"
TS2760,0,"Forest,Delta"
TS2761,0,"Forest,Delta"
TS2762,0,"Forest,Delta"
TS2763,0,"Forest,Delta"
TS2764,0,"Forest,Delta"
TS2765,0,"Forest,Delta"
TS2766,0,"Forest,Delta"
TS2767,0,"Forest,Delta"
TS2768,0,"Forest,Delta"
TS2769,0,"Forest,Delta"
TS2770,0,"Forest,Delta"
TS2771,0,"Forest,Delta"
TS2772,0,"Forest,Delta"
TS2773,0,"Forest,Delta"
TS2774,0,"Forest,Delta"
TS2775,0,"Forest,Delta"
TS2776,0,"Forest,Delta"
TS2777,0,"Forest,Delta"
TS2778,0,"Forest,Delta"
TS2779,0,"Forest,Delta"
TS2780,0,"Forest,Delta"
TS2781,0,"Forest,Delta"
TS2782,0,"Forest,Delta"
TS2783,0,"Forest,Delta"
TS2784,0,"Forest,Delta"
TS2785,0,"Forest,Delta"
TS2786,0,"Forest,Delta"
TS2787,0,"Forest,Delta"
TS2788,0,"Forest,Delta"
TS2789,0,"Forest,Delta"
TS2790,0,"Forest,Delta"
TS2791,0,"Forest,Delta"
TS2792,0,"Forest,Delta"
TS2793,0,"Forest,Delta"
TS2794,0,"Forest,Delta"
TS2795,0,"Forest,Delta"
TS2796,0,"Forest,Delta"
TS2797,0,"Forest,Delta"
TS2798,0,"Forest,Delta"
TS2799,0,"Forest,Delta"
TS2800,0,"Forest,Delta"
TS2801,0,"Forest,Delta"
TS2802,0,"Forest,Delta"
TS2803,0,"Forest,Delta"
TS2804,0,"Forest,Delta"
TS2805,0,"Forest,Delta"
TS2806,0,"Forest,Delta"
TS2807,0,"Forest,Delta"
TS2808,0,"Forest,Delta"
TS2809,0,"Forest,Delta"
TS2810,0,"Forest,Delta"
TS2811,0,"Forest,Delta"
TS2812,0,"Forest,Delta"
TS2813,0,"Forest,Delta"
TS2814,0,"Forest,Delta"
TS2815,0,"Forest,Delta"
TS2816,0,"Forest,Delta"
TS2817,0,"Forest,Delta"
TS2818,0,"Forest,Delta"
TS2819,0,"Forest,Delta"
TS2820,0,"Forest,Delta"
TS2821,0,"Forest,Delta"
TS2822,0,"Forest,Delta"
TS2823,0,"Forest,Delta"
TS2824,0,"Forest,Delta"
TS2825,0,"Forest,Delta"
TS2826,0,"Forest,Delta"
TS2827,0,"Forest,Delta"
TS2828,0,"Forest,Delta"
TS2829,0,"Forest,Delta"
TS2830,0,"Forest,Delta"
TS2831,0,"Forest,Delta"
TS2832,0,"Forest,Delta"
TS2833,0,"Forest,Delta"
TS2834,0,"Forest,Delta"
TS2835,0,"Forest,Delta"
TS2836,0,"Forest,Delta"
TS2837,0,"Forest,Delta"
TS2838,0,"Forest,Delta"
TS2839,0,"Forest,Delta"
TS2840,0,"Forest,Delta"
TS2841,0,"Forest,Delta"
TS2842,0,"Forest,Delta"
TS2843,0,"Forest,Delta"
TS2844,0,"Forest,Delta"
TS2845,0,"Forest,Delta"
TS2846,0,"Forest,Delta"
TS2847,0,"Forest,Delta"
TS2848,0,"Forest,Delta"
TS2849,0,"Forest,Delta"
TS2850,0,"Forest,Delta"
TS2851,0,"Forest,Delta"
TS2852,0,"Forest,Delta"
TS2853,0,"Forest,Delta"
TS2854,0,"Forest,Delta"
TS2855,0,"Forest,Delta"
TS2856,0,"Forest,Delta"
TS2857,0,"Forest,Delta"
TS2858,0,"Forest,Delta"
TS2859,0,"Forest,Delta"
TS2860,0,"Forest,Delta"
TS2861,0,"Forest,Delta"
TS2862,0,"Forest,Delta"
TS2863,0,"Forest,Delta"
TS2864,0,"Forest,Delta"
TS2865,0,"Forest,Delta"
TS2866,0,"Forest,Delta"
TS2867,0,"Forest,Delta"
TS2868,0,"Forest,Delta"
TS2869,0,"Forest,Delta"
TS2870,0,"Forest,Delta"
TS2871,0,"Forest,Delta"
TS2872,0,"Forest,Delta"
TS2873,0,"Forest,Delta"
TS2874,0,"Forest,Delta"
TS2875,0,"Forest,Delta"
TS2876,0,"Forest,Delta"
TS2877,0,"Forest,Delta"
TS2878,0,"Forest,Delta"
TS2879,0,"Forest,Delta"
TS2880,0,"Forest,Delta"
TS2881,0,"Forest,Delta"
TS2882,0,"Forest,Delta"
TS2883,0,"Forest,Delta"
TS2884,0,"Forest,Delta"
TS2885,0,"Forest,Delta"
TS2886,0,"Forest,Delta"
TS2887,0,"Forest,Delta"
TS2888,0,"Forest,Delta"
TS2889,0,"Forest,Delta"
TS2890,0,"Forest,Delta"
TS2891,0,"Forest,Delta"
TS2892,0,"Forest,Delta"
TS2893,0,"Forest,Delta"
TS2894,0,"Forest,Delta"
TS2895,0,"Forest,Delta"
TS2896,0,"Forest,Delta"
TS2897,0,"Forest,Delta"
TS2898,0,"Forest,Delta"
TS2899,0,"Forest,Delta"
TS2900,0,"Forest,Delta"
TS2901,0,"Forest,Delta"
TS2902,0,"Forest,Delta"
TS2903,0,"Forest,Delta"
TS2904,0,"Forest,Delta"
TS2905,0,"Forest,Delta"
TS2906,0,"Forest,Delta"
TS2907,0,"Forest,Delta"
TS2908,0,"Forest,Delta"
TS2909,0,"Forest,Delta"
TS2910,0,"Forest,Delta"
TS2911,0,"Forest,Delta"
TS2912,0,"Forest,Delta"
TS2913,0,"Forest,Delta"
TS2914,0,"Forest,Delta"
TS2915,0,"Forest,Delta"
TS2916,0,"Forest,Delta"
TS2917,0,"Forest,Delta"
TS2918,0,"Forest,Delta"
TS2919,0,"Forest,Delta"
TS2920,0,"Forest,Delta"
TS2921,0,"Forest,Delta"
TS2922,0,"Forest,Delta"
TS2923,0,"Forest,Delta"
TS2924,0,"Forest,Delta"
TS2925,0,"Forest,Delta"
TS2926,0,"Forest,Delta"
TS2927,0,"Forest,Delta"
TS2928,0,"Forest,Delta"
TS2929,0,"Forest,Delta"
TS2930,0,"Forest,Delta"
TS2931,0,"Forest,Delta"
TS2932,0,"Forest,Delta"
TS2933,0,"Forest,Delta"
TS2934,0,"Forest,Delta"
TS2935,0,"Forest,Delta"
TS2936,0,"Forest,Delta"
TS2937,0,"Forest,Delta"
TS2938,0,"Forest,Delta"
TS2939,0,"Forest,Delta"
TS2940,0,"Forest,Delta"
TS2941,0,"Forest,Delta"
TS2942,0,"Forest,Delta"
TS2943,0,"Forest,Delta"
TS2944,0,"Forest,Delta"
TS2945,0,"Forest,Delta"
TS2946,0,"Forest,Delta"
TS2947,0,"Forest,Delta"
TS2948,0,"Forest,Delta"
TS2949,0,"Forest,Delta"
TS2950,0,"Forest,Delta"
TS2951,0,"Forest,Delta"
TS2952,0,"Forest,Delta"
TS2953,0,"Forest,Delta"
TS2954,0,"Forest,Delta"
TS2955,0,"Forest,Delta"
TS2956,0,"Forest,Delta"
TS2957,0,"Forest,Delta"
TS2958,0,"Forest,Delta"
TS2959,0,"Forest,Delta"
TS2960,0,"Forest,Delta"
TS2961,0,"Forest,Delta"
TS2962,0,"Forest,Delta"
TS2963,0,"Forest,Delta"
TS2964,0,"Forest,Delta"
TS2965,0,"Forest,Delta"
TS2966,0,"Forest,Delta"
TS2967,0,"Forest,Delta"
TS2968,0,"Forest,Delta"
TS2969,0,"Forest,Delta"
TS2970,0,"Forest,Delta"
TS2971,0,"Forest,Delta"
TS2972,0,"Forest,Delta"
TS2973,0,"Forest,Delta"
TS2974,0,"Forest,Delta"
TS2975,0,"Forest,Delta"
TS2976,0,"Forest,Delta"
TS2977,0,"Forest,Delta"
TS2978,0,"Forest,Delta"
TS2979,0,"Forest,Delta"
TS2980,0,"Forest,Delta"
TS2981,0,"Forest,Delta"
TS2982,0,"Forest,Delta"
TS2983,0,"Forest,Delta"
TS2984,0,"Forest,Delta"
TS2985,0,"Forest,Delta"
TS2986,0,"Forest,Delta"
TS2987,0,"Forest,Delta"
TS2988,0,"Forest,Delta"
TS2989,0,"Forest,Delta"
TS2990,0,"Forest,Delta"
TS2991,0,"Forest,Delta"
TS2992,0,"Forest,Delta"
TS2993,0,"Forest,Delta"
TS2994,0,"Forest,Delta"
TS2995,0,"Forest,Delta"
TS2996,0,"Forest,Delta"
TS2997,0,"Forest,Delta"
TS2998,0,"Forest,Delta"
TS2999,0,"Forest,Delta"
TS3000,0,"Forest,Delta"
TS3001,0,"Forest,Delta"
TS3002,0,"Forest,Delta"
TS3003,0,"Forest,Delta"
TS3004,0,"Forest,Delta"
TS3005,0,"Forest,Delta"
TS3006,0,"Forest,Delta"
TS3007,0,"Forest,Delta"
TS3008,0,"Forest,Delta"
TS3009,0,"Forest,Delta"
TS3010,0,"Forest,Delta"
TS3011,0,"Forest,Delta"
TS3012,0,"Forest,Delta"
TS3013,0,"Forest,Delta"
TS3014,0,"Forest,Delta"
TS3015,0,"Forest,Delta"
TS3016,0,"Forest,Delta"
TS3017,0,"Forest,Delta"
TS3018,0,"Forest,Delta"
TS3019,0,"Forest,Delta"
TS3020,0,"Forest,Delta"
TS3021,0,"Forest,Delta"
TS3022,0,"Forest,Delta"
TS3023,0,"Forest,Delta"
TS3024,0,"Forest,Delta"
TS3025,0,"Forest,Delta"
TS3026,0,"Forest,Delta"
TS3027,0,"Forest,Delta"
TS3028,0,"Forest,Delta"
TS3029,0,"Forest,Delta"
TS3030,0,"Forest,Delta"
TS3031,0,"Forest,Delta"
TS3032,0,"Forest,Delta"
TS3033,0,"Forest,Delta"
TS3034,0,"Forest,Delta"
TS3035,0,"Forest,Delta"
TS3036,0,"Forest,Delta"
TS3037,0,"Forest,Delta"
TS3038,0,"Forest,Delta"
TS3039,0,"Forest,Delta"
TS3040,0,"Forest,Delta"
TS3041,0,"Forest,Delta"
TS3042,0,"Forest,Delta"
TS3043,0,"Forest,Delta"
TS3044,0,"Forest,Delta"
TS3045,0,"Forest,Delta"
TS3046,0,"Forest,Delta"
TS3047,0,"Forest,Delta"
TS3048,0,"Forest,Delta"
TS3049,0,"Forest,Delta"
TS3050,0,"Forest,Delta"
TS3051,0,"Forest,Delta"
TS3052,0,"Forest,Delta"
TS3053,0,"Forest,Delta"
TS3054,0,"Forest,Delta"
TS3055,0,"Forest,Delta"
TS3056,0,"Forest,Delta"
TS3057,0,"Forest,Delta"
TS3058,0,"Forest,Delta"
TS3059,0,"Forest,Delta"
TS3060,0,"Forest,Delta"
TS3061,0,"Forest,Delta"
TS3062,0,"Forest,Delta"
TS3063,0,"Forest,Delta"
TS3064,0,"Forest,Delta"
TS3065,0,"Forest,Delta"
TS3066,0,"Forest,Delta"
TS3067,0,"Forest,Delta"
TS3068,0,"Forest,Delta"
TS3069,0,"Forest,Delta"
TS3070,0,"Forest,Delta"
TS3071,0,"Forest,Delta"
TS3072,0,"Forest,Delta"
TS3073,0,"Forest,Delta"
TS3074,0,"Forest,Delta"
TS3075,0,"Forest,Delta"
TS3076,0,"Forest,Delta"
TS3077,0,"Forest,Delta"
TS3078,0,"Forest,Delta"
TS3079,0,"Forest,Delta"
TS3080,0,"Forest,Delta"
TS3081,0,"Forest,Delta"
TS3082,0,"Forest,Delta"
TS3083,0,"Forest,Delta"
TS3084,0,"Forest,Delta"
TS3085,0,"Forest,Delta"
TS3086,0,"Forest,Delta"
TS3087,0,"Forest,Delta"
TS3088,0,"Forest,Delta"
TS3089,0,"Forest,Delta"
TS3090,0,"Forest,Delta"
TS3091,0,"Forest,Delta"
TS3092,0,"Forest,Delta"
TS3093,0,"Forest,Delta"
TS3094,0,"Forest,Delta"
TS3095,0,"Forest,Delta"
TS3096,0,"Forest,Delta"
TS3097,0,"Forest,Delta"
TS3098,0,"Forest,Delta"
TS3099,0,"Forest,Delta"
TS3100,0,"Forest,Delta"
TS3101,0,"Forest,Delta"
TS3102,0,"Forest,Delta"
TS3103,0,"Forest,Delta"
TS3104,0,"Forest,Delta"
TS3105,0,"Forest,Delta"
TS3106,0,"Forest,Delta"
TS3107,0,"Forest,Delta"
TS3108,0,"Forest,Delta"
TS3109,0,"Forest,Delta"
TS3110,0,"Forest,Delta"
TS3111,0,"Forest,Delta"
TS3112,0,"Forest,Delta"
TS3113,0,"Forest,Delta"
TS3114,0,"Forest,Delta"
TS3115,0,"Forest,Delta"
TS3116,0,"Forest,Delta"
TS3117,0,"Forest,Delta"
TS3118,0,"Forest,Delta"
TS3119,0,"Forest,Delta"
TS3120,0,"Forest,Delta"
TS3121,0,"Forest,Delta"
TS3122,0,"Forest,Delta"
TS3123,0,"Forest,Delta"
TS3124,0,"Forest,Delta"
TS3125,0,"Forest,Delta"
TS3126,0,"Forest,Delta"
TS3127,0,"Forest,Delta"
TS3128,0,"Forest,Delta"
TS3129,0,"Forest,Delta"
TS3130,0,"Forest,Delta"
TS3131,0,"Forest,Delta"
TS3132,0,"Forest,Delta"
TS3133,0,"Forest,Delta"
TS3134,0,"Forest,Delta"
TS3135,0,"Forest,Delta"
TS3136,0,"Forest,Delta"
TS3137,0,"Forest,Delta"
TS3138,0,"Forest,Delta"
TS3139,0,"Forest,Delta"
TS3140,0,"Forest,Delta"
TS3141,0,"Forest,Delta"
TS3142,0,"Forest,Delta"
TS3143,0,"Forest,Delta"
TS3144,0,"Forest,Delta"
TS3145,0,"Forest,Delta"
TS3146,0,"Forest,Delta"
TS3147,0,"Forest,Delta"
TS3148,0,"Forest,Delta"
TS3149,0,"Forest,Delta"
TS3150,0,"Forest,Delta"
TS3151,0,"Forest,Delta"
TS3152,0,"Forest,Delta"
TS3153,0,"Forest,Delta"
TS3154,0,"Forest,Delta"
TS3155,0,"Forest,Delta"
TS3156,0,"Forest,Delta"
TS3157,0,"Forest,Delta"
TS3158,0,"Forest,Delta"
TS3159,0,"Forest,Delta"
TS3160,0,"Forest,Delta"
TS3161,0,"Forest,Delta"
TS3162,0,"Forest,Delta"
TS3163,0,"Forest,Delta"
TS3164,0,"Forest,Delta"
TS3165,0,"Forest,Delta"
TS3166,0,"Forest,Delta"
TS3167,0,"Forest,Delta"
TS3168,0,"Forest,Delta"
TS3169,0,"Forest,Delta"
TS3170,0,"Forest,Delta"
TS3171,0,"Forest,Delta"
TS3172,0,"Forest,Delta"
TS3173,0,"Forest,Delta"
TS3174,0,"Forest,Delta"
TS3175,0,"Forest,Delta"
TS3176,0,"Forest,Delta"
TS3177,0,"Forest,Delta"
TS3178,0,"Forest,Delta"
TS3179,0,"Forest,Delta"
TS3180,0,"Forest,Delta"
TS3181,0,"Forest,Delta"
TS3182,0,"Forest,Delta"
TS3183,0,"Forest,Delta"
TS3184,0,"Forest,Delta"
TS3185,0,"Forest,Delta"
TS3186,0,"Forest,Delta"
TS3187,0,"Forest,Delta"
TS3188,0,"Forest,Delta"
TS3189,0,"Forest,Delta"
TS3190,0,"Forest,Delta"
TS3191,0,"Forest,Delta"
TS3192,0,"Forest,Delta"
TS3193,0,"Forest,Delta"
TS3194,0,"Forest,Delta"
TS3195,0,"Forest,Delta"
TS3196,0,"Forest,Delta"
TS3197,0,"Forest,Delta"
TS3198,0,"Forest,Delta"
TS3199,0,"Forest,Delta"
TS3200,0,"Forest,Delta"
TS3201,0,"Forest,Delta"
TS3202,0,"Forest,Delta"
TS3203,0,"Forest,Delta"
TS3204,0,"Forest,Delta"
TS3205,0,"Forest,Delta"
TS3206,0,"Forest,Delta"
TS3207,0,"Forest,Delta"
TS3208,0,"Forest,Delta"
TS3209,0,"Forest,Delta"
TS3210,0,"Forest,Delta"
TS3211,0,"Forest,Delta"
TS3212,0,"Forest,Delta"
TS3213,0,"Forest,Delta"
TS3214,0,"Forest,Delta"
TS3215,0,"Forest,Delta"
TS3216,0,"Forest,Delta"
TS3217,0,"Forest,Delta"
TS3218,0,"Forest,Delta"
TS3219,0,"Forest,Delta"
TS3220,0,"Forest,Delta"
TS3221,0,"Forest,Delta"
TS3222,0,"Forest,Delta"
TS3223,0,"Forest,Delta"
TS3224,0,"Forest,Delta"
TS3225,0,"Forest,Delta"
TS3226,0,"Forest,Delta"
TS3227,0,"Forest,Delta"
TS3228,0,"Forest,Delta"
TS3229,0,"Forest,Delta"
TS3230,0,"Forest,Delta"
TS3231,0,"Forest,Delta"
TS3232,0,"Forest,Delta"
TS3233,0,"Forest,Delta"
TS3234,0,"Forest,Delta"
TS3235,0,"Forest,Delta"
TS3236,0,"Forest,Delta"
TS3237,0,"Forest,Delta"
TS3238,0,"Forest,Delta"
TS3239,0,"Forest,Delta"
TS3240,0,"Forest,Delta"
TS3241,0,"Forest,Delta"
TS3242,0,"Forest,Delta"
TS3243,0,"Forest,Delta"
TS3244,0,"Forest,Delta"
TS3245,0,"Forest,Delta"
TS3246,0,"Forest,Delta"
TS3247,0,"Forest,Delta"
TS3248,0,"Forest,Delta"
TS3249,0,"Forest,Delta"
TS3250,0,"Forest,Delta"
TS3251,0,"Forest,Delta"
TS3252,0,"Forest,Delta"
TS3253,0,"Forest,Delta"
TS3254,0,"Forest,Delta"
TS3255,0,"Forest,Delta"
TS3256,0,"Forest,Delta"
TS3257,0,"Forest,Delta"
TS3258,0,"Forest,Delta"
TS3259,0,"Forest,Delta"
TS3260,0,"Forest,Delta"
TS3261,0,"Forest,Delta"
TS3262,0,"Forest,Delta"
TS3263,0,"Forest,Delta"
TS3264,0,"Forest,Delta"
TS3265,0,"Forest,Delta"
TS3266,0,"Forest,Delta"
TS3267,0,"Forest,Delta"
TS3268,0,"Forest,Delta"
TS3269,0,"Forest,Delta"
TS3270,0,"Forest,Delta"
TS3271,0,"Forest,Delta"
TS3272,0,"Forest,Delta"
TS3273,0,"Forest,Delta"
TS3274,0,"Forest,Delta"
TS3275,0,"Forest,Delta"
TS3276,0,"Forest,Delta"
TS3277,0,"Forest,Delta"
TS3278,0,"Forest,Delta"
TS3279,0,"Forest,Delta"
TS3280,0,"Forest,Delta"
TS3281,0,"Forest,Delta"
TS3282,0,"Forest,Delta"
TS3283,0,"Forest,Delta"
TS3284,0,"Forest,Delta"
TS3285,0,"Forest,Delta"
TS3286,0,"Forest,Delta"
TS3287,0,"Forest,Delta"
TS3288,0,"Forest,Delta"
TS3289,0,"Forest,Delta"
TS3290,0,"Forest,Delta"
TS3291,0,"Forest,Delta"
TS3292,0,"Forest,Delta"
TS3293,0,"Forest,Delta"
TS3294,0,"Forest,Delta"
TS3295,0,"Forest,Delta"
TS3296,0,"Forest,Delta"
TS3297,0,"Forest,Delta"
TS3298,0,"Forest,Delta"
TS3299,0,"Forest,Delta"
TS3300,0,"Forest,Delta"
TS3301,0,"Forest,Delta"
TS3302,0,"Forest,Delta"
TS3303,0,"Forest,Delta"
TS3304,0,"Forest,Delta"
TS3305,0,"Forest,Delta"
TS3306,0,"Forest,Delta"
TS3307,0,"Forest,Delta"
TS3308,0,"Forest,Delta"
TS3309,0,"Forest,Delta"
TS3310,0,"Forest,Delta"
TS3311,0,"Forest,Delta"
TS3312,0,"Forest,Delta"
TS3313,0,"Forest,Delta"
TS3314,0,"Forest,Delta"
TS3315,0,"Forest,Delta"
TS3316,0,"Forest,Delta"
TS3317,0,"Forest,Delta"
TS3318,0,"Forest,Delta"
TS3319,0,"Forest,Delta"
TS3320,0,"Forest,Delta"
TS3321,0,"Forest,Delta"
TS3322,0,"Forest,Delta"
TS3323,0,"Forest,Delta"
TS3324,0,"Forest,Delta"
TS3325,0,"Forest,Delta"
TS3326,0,"Forest,Delta"
TS3327,0,"Forest,Delta"
TS3328,0,"Forest,Delta"
TS3329,0,"Forest,Delta"
TS3330,0,"Forest,Delta"
TS3331,0,"Forest,Delta"
TS3332,0,"Forest,Delta"
TS3333,0,"Forest,Delta"
TS3334,0,"Forest,Delta"
TS3335,0,"Forest,Delta"
TS3336,0,"Forest,Delta"
TS3337,0,"Forest,Delta"
TS3338,0,"Forest,Delta"
TS3339,0,"Forest,Delta"
TS3340,0,"Forest,Delta"
TS3341,0,"Forest,Delta"
TS3342,0,"Forest,Delta"
TS3343,0,"Forest,Delta"
TS3344,0,"Forest,Delta"
TS3345,0,"Forest,Delta"
TS3346,0,"Forest,Delta"
TS3347,0,"Forest,Delta"
TS3348,0,"Forest,Delta"
TS3349,0,"Forest,Delta"
TS3350,0,"Forest,Delta"
TS3351,0,"Forest,Delta"
TS3352,0,"Forest,Delta"
TS3353,0,"Forest,Delta"
TS3354,0,"Forest,Delta"
TS3355,0,"Forest,Delta"
TS3356,0,"Forest,Delta"
TS3357,0,"Forest,Delta"
TS3358,0,"Forest,Delta"
TS3359,0,"Forest,Delta"
TS3360,0,"Forest,Delta"
TS3361,0,"Forest,Delta"
TS3362,0,"Forest,Delta"
TS3363,0,"Forest,Delta"
TS3364,0,"Forest,Delta"
TS3365,0,"Forest,Delta"
TS3366,0,"Forest,Delta"
TS3367,0,"Forest,Delta"
TS3368,0,"Forest,Delta"
TS3369,0,"Forest,Delta"
TS3370,0,"Forest,Delta"
TS3371,0,"Forest,Delta"
TS3372,0,"Forest,Delta"
TS3373,0,"Forest,Delta"
TS3374,0,"Forest,Delta"
TS3375,0,"Forest,Delta"
TS3376,0,"Forest,Delta"
TS3377,0,"Forest,Delta"
TS3378,0,"Forest,Delta"
TS3379,0,"Forest,Delta"
TS3380,0,"Forest,Delta"
TS3381,0,"Forest,Delta"
TS3382,0,"Forest,Delta"
TS3383,0,"Forest,Delta"
TS3384,0,"Forest,Delta"
TS3385,0,"Forest,Delta"
TS3386,0,"Forest,Delta"
TS3387,0,"Forest,Delta"
TS3388,0,"Forest,Delta"
TS3389,0,"Forest,Delta"
TS3390,0,"Forest,Delta"
TS3391,0,"Forest,Delta"
TS3392,0,"Forest,Delta"
TS3393,0,"Forest,Delta"
TS3394,0,"Forest,Delta"
TS3395,0,"Forest,Delta"
TS3396,0,"Forest,Delta"
TS3397,0,"Forest,Delta"
TS3398,0,"Forest,Delta"
TS3399,0,"Forest,Delta"
TS3400,0,"Forest,Delta"
TS3401,0,"Forest,Delta"
TS3402,0,"Forest,Delta"
TS3403,0,"Forest,Delta"
TS3404,0,"Forest,Delta"
TS3405,0,"Forest,Delta"
TS3406,0,"Forest,Delta"
TS3407,0,"Forest,Delta"
TS3408,0,"Forest,Delta"
TS3409,0,"Forest,Delta"
TS3410,0,"Forest,Delta"
TS3411,0,"Forest,Delta"
TS3412,0,"Forest,Delta"
TS3413,0,"Forest,Delta"
TS3414,0,"Forest,Delta"
TS3415,0,"Forest,Delta"
TS3416,0,"Forest,Delta"
TS3417,0,"Forest,Delta"
TS3418,0,"Forest,Delta"
TS3419,0,"Forest,Delta"
TS3420,0,"Forest,Delta"
TS3421,0,"Forest,Delta"
TS3422,0,"Forest,Delta"
TS3423,0,"Forest,Delta"
TS3424,0,"Forest,Delta"
TS3425,0,"Forest,Delta"
TS3426,0,"Forest,Delta"
TS3427,0,"Forest,Delta"
TS3428,0,"Forest,Delta"
TS3429,0,"Forest,Delta"
TS3430,0,"Forest,Delta"
TS3431,0,"Forest,Delta"
TS3432,0,"Forest,Delta"
TS3433,0,"Forest,Delta"
TS3434,0,"Forest,Delta"
TS3435,0,"Forest,Delta"
TS3436,0,"Forest,Delta"
TS3437,0,"Forest,Delta"
TS3438,0,"Forest,Delta"
TS3439,0,"Forest,Delta"
TS3440,0,"Forest,Delta"
TS3441,0,"Forest,Delta"
TS3442,0,"Forest,Delta"
TS3443,0,"Forest,Delta"
TS3444,0,"Forest,Delta"
TS3445,0,"Forest,Delta"
TS3446,0,"Forest,Delta"
TS3447,0,"Forest,Delta"
TS3448,0,"Forest,Delta"
TS3449,0,"Forest,Delta"
TS3450,0,"Forest,Delta"
TS3451,0,"Forest,Delta"
TS3452,0,"Forest,Delta"
TS3453,0,"Forest,Delta"
TS3454,0,"Forest,Delta"
TS3455,0,"Forest,Delta"
TS3456,0,"Forest,Delta"
TS3457,0,"Forest,Delta"
TS3458,0,"Forest,Delta"
TS3459,0,"Forest,Delta"
TS3460,0,"Forest,Delta"
TS3461,0,"Forest,Delta"
TS3462,0,"Forest,Delta"
TS3463,0,"Forest,Delta"
TS3464,0,"Forest,Delta"
TS3465,0,"Forest,Delta"
TS3466,0,"Forest,Delta"
TS3467,0,"Forest,Delta"
TS3468,0,"Forest,Delta"
TS3469,0,"Forest,Delta"
TS3470,0,"Forest,Delta"
TS3471,0,"Forest,Delta"
TS3472,0,"Forest,Delta"
TS3473,0,"Forest,Delta"
TS3474,0,"Forest,Delta"
TS3475,0,"Forest,Delta"
TS3476,0,"Forest,Delta"
TS3477,0,"Forest,Delta"
TS3478,0,"Forest,Delta"
TS3479,0,"Forest,Delta"
TS3480,0,"Forest,Delta"
TS3481,0,"Forest,Delta"
TS3482,0,"Forest,Delta"
TS3483,0,"Forest,Delta"
TS3484,0,"Forest,Delta"
TS3485,0,"Forest,Delta"
TS3486,0,"Forest,Delta"
TS3487,0,"Forest,Delta"
TS3488,0,"Forest,Delta"
TS3489,0,"Forest,Delta"
TS3490,0,"Forest,Delta"
TS3491,0,"Forest,Delta"
TS3492,0,"Forest,Delta"
TS3493,0,"Forest,Delta"
TS3494,0,"Forest,Delta"
TS3495,0,"Forest,Delta"
TS3496,0,"Forest,Delta"
TS3497,0,"Forest,Delta"
TS3498,0,"Forest,Delta"
TS3499,0,"Forest,Delta"
TS3500,0,"Forest,Delta"
